Age,Gender,MaritalStatus,IncomeLevel,TotalAmountSpent,TransactionCount,ServiceInteractionCount,UnresolvedIssues,ChurnStatus,HighServiceIssueFlag,AvgTransactionValue
1.2296280895906782,M,Single,Low,-1.1521961328580568,-1.5579540466010575,-1.223521960580991,-1.5078647910441039,0,0,2.1137904997984616
1.4265471238495815,M,Married,Low,0.3797578126135717,0.7478486864049475,-1.223521960580991,-1.5078647910441039,1,0,-0.34974710603455245
-1.6585177462065699,M,Single,Low,0.5904807247183774,0.36354823090394667,-1.223521960580991,-1.5078647910441039,0,0,0.4414740130717631
-1.4615987119476666,M,Widowed,Low,-0.47382169757285814,-0.02075222459705415,1.223521960580991,0.35140128915824353,0,1,-0.8237234724617574
-1.4615987119476666,M,Divorced,Medium,0.9948449346207011,1.1321491419059484,0.0,0.35140128915824353,0,1,0.01739172016220301
0.9014296991591727,F,Divorced,Medium,-0.139233376089913,-0.02075222459705415,-1.223521960580991,-1.5078647910441039,0,0,-0.20103232567424764
-1.06776064342986,F,Married,High,-1.5989054072525135,-1.5579540466010575,0.0,0.35140128915824353,0,1,-2.042988032106742
-0.41136386256684915,M,Single,Low,1.056330618475401,0.7478486864049475,1.223521960580991,2.210667369360591,1,1,0.5496436405660541
-0.280084506394247,M,Divorced,High,0.06795400759760309,-0.02075222459705415,-1.223521960580991,-1.5078647910441039,0,0,0.1845571921441715
1.6234661581084848,M,Married,High,0.17648524774826516,0.7478486864049475,0.0,0.35140128915824353,1,1,-0.619964091248357
0.7045106649002695,M,Divorced,Medium,0.6322703996890204,-0.02075222459705415,1.223521960580991,0.35140128915824353,0,1,1.2347875761126272
-0.14880515022164478,F,Married,Low,-1.598404202074584,-1.5579540466010575,1.223521960580991,0.35140128915824353,0,1,-2.038324151047807
-1.2646796776887634,F,Divorced,Low,-1.1853569511167714,-0.7893531355990558,-1.223521960580991,-1.5078647910441039,0,0,-1.4890786267019012
-0.08316547213534368,M,Widowed,Medium,2.1355608274174145,1.5164495974069492,1.223521960580991,0.35140128915824353,0,1,0.8464053319183777
-0.08316547213534368,M,Divorced,Medium,0.8763573213408905,1.1321491419059484,1.223521960580991,2.210667369360591,0,1,-0.1204291164003058
-0.8708416091709568,F,Single,Medium,1.019634271799397,1.5164495974069492,1.223521960580991,-1.5078647910441039,1,0,-0.30738001833702133
-1.5928780681202688,M,Married,Low,0.48521409126720466,0.7478486864049475,1.223521960580991,0.35140128915824353,0,1,-0.20956056532487133
0.8357900210728716,F,Married,High,-0.42764309077385554,-0.02075222459705415,-1.223521960580991,0.35140128915824353,1,1,-0.7377820101379264
0.9014296991591727,F,Divorced,High,-0.33840147693055034,-0.02075222459705415,1.223521960580991,2.210667369360591,0,1,-0.5716974241040759
-0.14880515022164478,M,Single,Low,2.043799641598569,1.5164495974069492,-1.223521960580991,-1.5078647910441039,0,0,0.7515310667735597
1.3609074457632804,M,Divorced,High,-0.4796058762478872,-0.02075222459705415,0.0,0.35140128915824353,0,1,-0.8344882141491368
-0.08316547213534368,F,Divorced,Low,0.42758904189115415,0.36354823090394667,1.223521960580991,-1.5078647910441039,0,0,0.1888471223794625
-0.5426432187394513,F,Divorced,Low,0.30297859778906455,-0.40505268009805495,1.223521960580991,0.35140128915824353,0,1,1.5614987468329813
0.7701503429865705,M,Widowed,Medium,-0.16777497906013825,-0.02075222459705415,-1.223521960580991,-1.5078647910441039,0,0,-0.2541501494103319
-0.01752579404904259,F,Married,Low,-0.6804265995671043,-0.7893531355990558,-1.223521960580991,-1.5078647910441039,0,0,0.07710305322417309
-0.8052019310846557,M,Single,Medium,-0.9418796033299514,-0.7893531355990558,-1.223521960580991,-1.5078647910441039,1,0,-0.7338660307262803
-1.1334003215161612,M,Widowed,Medium,1.2781071366664445,1.1321491419059484,-1.223521960580991,0.35140128915824353,0,1,0.34687285807904533
-1.06776064342986,F,Widowed,High,0.5895054065342975,0.36354823090394667,1.223521960580991,2.210667369360591,0,1,0.439961402998595
-0.34572418448054804,F,Divorced,Medium,-0.5608146611584239,-0.7893531355990558,1.223521960580991,0.35140128915824353,0,1,0.4481126906151114
1.689105836194786,M,Divorced,High,-0.7591429046738813,-1.1736535911000565,1.223521960580991,0.35140128915824353,0,1,1.3175273471149194
-0.6082828968257524,M,Divorced,Low,-0.21472571275487065,-0.02075222459705415,1.223521960580991,-1.5078647910441039,0,0,-0.3415285913036726
1.689105836194786,F,Married,High,-0.05629069218545658,-0.02075222459705415,0.0,0.35140128915824353,0,1,-0.04667046770744943
-1.3303193557750645,M,Divorced,High,-0.7830652923556174,-1.1736535911000565,-1.223521960580991,-1.5078647910441039,1,0,1.206224455897638
-0.6739225749120535,M,Widowed,High,0.8389430321127168,1.5164495974069492,1.223521960580991,0.35140128915824353,0,1,-0.49420136802209963
1.4265471238495815,M,Married,Low,-0.6600126481308777,-0.7893531355990558,-1.223521960580991,0.35140128915824353,0,1,0.1404225915648464
-1.6585177462065699,F,Widowed,Low,0.07379237061619237,0.36354823090394667,-1.223521960580991,-1.5078647910441039,0,0,-0.3598521816622439
-0.47700354065315026,F,Married,Medium,2.5734922381551524,1.5164495974069492,-1.223521960580991,-1.5078647910441039,0,0,1.2991939528021703
0.6388709868139684,F,Married,Low,-0.5312977400041187,-0.7893531355990558,-1.223521960580991,-1.5078647910441039,0,0,0.5396676169882553
-0.08316547213534368,M,Married,Medium,-0.10177844860406902,-0.02075222459705415,0.0,0.35140128915824353,0,1,-0.13132621146908713
1.5578264800221837,F,Widowed,Low,0.4216558562713353,0.7478486864049475,-1.223521960580991,-1.5078647910441039,0,0,-0.29405064226897143
1.689105836194786,F,Married,High,-1.224369678479965,-1.1736535911000565,-1.223521960580991,0.35140128915824353,1,1,-0.8470176675885449
0.24503291829616178,M,Widowed,Medium,-0.9976217467672922,-0.7893531355990558,0.0,0.35140128915824353,0,1,-0.9067657654786826
-0.41136386256684915,M,Single,Low,1.2822116006911142,0.7478486864049475,1.223521960580991,0.35140128915824353,0,1,0.8499147473526856
-0.41136386256684915,F,Widowed,Low,-0.7846637304906372,-0.7893531355990558,-1.223521960580991,0.35140128915824353,0,1,-0.24621734991549546
-0.7395622529983547,F,Widowed,Low,-1.309439097869151,-1.5579540466010575,-1.223521960580991,0.35140128915824353,0,1,0.6505923556872449
0.9014296991591727,F,Married,High,-1.5339654714958642,-1.5579540466010575,0.0,0.35140128915824353,1,1,-1.43870030787611
0.4419519525550651,F,Married,Medium,0.26996678647513983,0.7478486864049475,0.0,0.35140128915824353,0,1,-0.4956959708324924
-1.5928780681202688,M,Divorced,Medium,0.44731214294699084,0.7478486864049475,0.0,0.35140128915824353,0,1,-0.2599448865715876
-1.06776064342986,F,Single,Medium,-0.8474362925048868,-0.7893531355990558,0.0,0.35140128915824353,0,1,-0.4409238798894032
0.4419519525550651,F,Single,Low,0.3353266508943791,-0.40505268009805495,1.223521960580991,2.210667369360591,0,1,1.6367510979730908
0.376312274468764,M,Divorced,Medium,-0.9715455314290464,-0.7893531355990558,0.0,0.35140128915824353,1,1,-0.8258831435106695
-1.002120965343559,M,Widowed,Medium,-1.1728539138403036,-1.5579540466010575,0.0,0.35140128915824353,0,1,1.92156296966669
-0.14880515022164478,F,Widowed,Low,-0.015896264061483287,0.7478486864049475,0.0,0.35140128915824353,0,1,-0.8757032371904107
0.6388709868139684,F,Married,Low,-1.0916315828438767,-1.1736535911000565,1.223521960580991,-1.5078647910441039,0,0,-0.2294315797979774
-0.9364812872572579,F,Single,Low,-0.18656340018956533,-0.02075222459705415,0.0,0.35140128915824353,0,1,-0.28911665226840016
1.6234661581084848,F,Married,Low,0.2389327037011551,-0.02075222459705415,0.0,0.35140128915824353,0,1,0.5027599312029551
0.1793932402098607,F,Divorced,High,-0.9066733261018471,-0.7893531355990558,-1.223521960580991,0.35140128915824353,0,1,-0.6246639868328433
0.5732313087276673,M,Single,High,1.2851781935010238,0.36354823090394667,1.223521960580991,2.210667369360591,0,1,1.5188725546321764
-1.6585177462065699,M,Married,Medium,-1.3201540518081394,-0.7893531355990558,0.0,0.35140128915824353,0,1,-1.9071892610934333
-1.6585177462065699,F,Single,High,-0.6583193873946278,-0.40505268009805495,1.223521960580991,0.35140128915824353,0,1,-0.6748007082163922
0.7045106649002695,M,Single,Low,-0.7966520165032851,-0.7893531355990558,-1.223521960580991,-1.5078647910441039,1,0,-0.28340234754754257
-1.3303193557750645,F,Married,High,-0.578519395416651,-0.40505268009805495,1.223521960580991,-1.5078647910441039,0,0,-0.4891593344448731
0.8357900210728716,M,Married,Low,1.2706703355128361,1.5164495974069492,0.0,0.35140128915824353,0,1,-0.047827334300445945
0.9670693772454738,F,Single,High,-0.4089088539879887,-0.7893531355990558,0.0,0.35140128915824353,0,1,0.9192907284069564
-0.5426432187394513,F,Divorced,Low,0.12572806391844343,-0.02075222459705415,0.0,0.35140128915824353,0,1,0.2920785581785326
-0.6739225749120535,M,Widowed,Medium,0.19240189866901253,1.1321491419059484,0.0,0.35140128915824353,0,1,-0.9159832331120507
-1.3959590338613654,F,Single,Medium,-0.7657804867599802,-0.40505268009805495,1.223521960580991,-1.5078647910441039,0,0,-0.9247910355172685
1.0327090553317748,F,Divorced,High,-0.5155571881999413,-0.40505268009805495,1.223521960580991,2.210667369360591,1,1,-0.3426882590264349
1.098348733418076,F,Single,Low,-0.3095889522425251,-0.40505268009805495,-1.223521960580991,-1.5078647910441039,0,0,0.13646249435939953
0.376312274468764,F,Married,Medium,1.6077917750572106,0.7478486864049475,0.0,0.35140128915824353,0,1,1.282719308169279
-1.5928780681202688,F,Divorced,Low,-1.0735069199230598,-0.7893531355990558,1.223521960580991,0.35140128915824353,1,1,-1.1421446996422202
-1.5928780681202688,F,Divorced,High,-0.2528714906211042,0.36354823090394667,1.223521960580991,0.35140128915824353,1,1,-0.8664715138073449
0.9014296991591727,M,Single,Low,1.3371951633186148,1.5164495974069492,-1.223521960580991,-1.5078647910441039,1,0,0.020954407082222386
1.0327090553317748,M,Widowed,Low,1.1063292214953828,1.1321491419059484,-1.223521960580991,-1.5078647910441039,0,0,0.14706652122650468
0.6388709868139684,F,Single,High,-0.6733826349043054,-0.40505268009805495,-1.223521960580991,-1.5078647910441039,1,0,-0.7098428415781185
0.8357900210728716,F,Widowed,Medium,-0.5190249861877807,-0.40505268009805495,1.223521960580991,0.35140128915824353,1,1,-0.3507555127499976
-0.9364812872572579,M,Divorced,High,0.7179223007714765,1.1321491419059484,0.0,0.35140128915824353,0,1,-0.30471544364794534
1.3609074457632804,M,Widowed,Low,-0.6098243999084358,-0.7893531355990558,-1.223521960580991,0.35140128915824353,0,1,0.2960953782617241
-0.47700354065315026,M,Married,High,-0.4548165390691913,-0.7893531355990558,-1.223521960580991,-1.5078647910441039,1,0,0.776895296796776
0.1137535621235596,M,Widowed,High,-1.5662728863435091,-1.5579540466010575,0.0,0.35140128915824353,0,1,-1.739331559918258
-1.6585177462065699,F,Widowed,Low,1.2390537710455811,1.1321491419059484,0.0,0.35140128915824353,1,1,0.30144728681921773
-0.7395622529983547,F,Divorced,High,-1.4016066662646958,-1.5579540466010575,0.0,0.35140128915824353,0,1,-0.20705755579903376
0.6388709868139684,M,Widowed,Medium,0.20704521751610006,0.36354823090394667,1.223521960580991,2.210667369360591,0,1,-0.15319183041566106
-0.8708416091709568,M,Divorced,Medium,0.37771235364418243,-0.02075222459705415,0.0,0.35140128915824353,0,1,0.7610381011963979
1.098348733418076,M,Married,High,0.5730062739202801,1.5164495974069492,0.0,0.35140128915824353,0,1,-0.769160265766868
-0.34572418448054804,M,Married,Low,0.5521182094779035,0.7478486864049475,0.0,0.35140128915824353,0,1,-0.1206226944751461
-0.9364812872572579,F,Single,High,0.19609998011698196,-0.02075222459705415,1.223521960580991,0.35140128915824353,0,1,0.42304538034699923
-1.3959590338613654,M,Single,High,-1.1104200039733036,-1.1736535911000565,0.0,0.35140128915824353,0,1,-0.31684783694314705
-1.2646796776887634,M,Single,Medium,0.9277918094652121,0.7478486864049475,0.0,0.35140128915824353,0,1,0.3787727240863927
-1.3959590338613654,M,Married,Medium,-0.050276230050297493,0.36354823090394667,-1.223521960580991,-1.5078647910441039,0,0,-0.5522687880531618
1.4265471238495815,F,Widowed,Low,0.7283256947349949,1.5164495974069492,1.223521960580991,0.35140128915824353,0,1,-0.6085714963321944
-1.4615987119476666,F,Divorced,Low,1.3521771343129527,1.1321491419059484,1.223521960580991,0.35140128915824353,0,1,0.4330286068299087
-0.8708416091709568,F,Married,Low,-0.5675877041034226,-0.02075222459705415,1.223521960580991,-1.5078647910441039,0,0,-0.9982282545695768
0.7045106649002695,M,Widowed,High,-0.20788493938042152,-0.7893531355990558,0.0,0.35140128915824353,0,1,1.5428222141240042
0.9670693772454738,F,Single,High,-0.7989548511045849,-0.7893531355990558,-1.223521960580991,-1.5078647910441039,0,0,-0.2905452284486142
-0.7395622529983547,F,Divorced,High,-1.4971607561327405,-1.5579540466010575,1.223521960580991,2.210667369360591,0,1,-1.0962201771429796
-0.6739225749120535,M,Single,High,-0.9664115648767374,-1.1736535911000565,1.223521960580991,-1.5078647910441039,0,0,0.3531754000505788
-0.34572418448054804,F,Divorced,Low,-0.5056956376720229,-0.02075222459705415,-1.223521960580991,-1.5078647910441039,0,0,-0.8830429974978304
0.6388709868139684,M,Widowed,Low,-0.5111276181139119,-0.02075222459705415,0.0,0.35140128915824353,0,1,-0.8931522748201705
-0.14880515022164478,F,Married,Low,-0.21472571275487065,-0.40505268009805495,1.223521960580991,-1.5078647910441039,1,0,0.3571460014926449
-0.6739225749120535,F,Single,High,-1.0494490713824236,-1.5579540466010575,1.223521960580991,0.35140128915824353,0,1,3.0698861168800935
-0.8052019310846557,M,Married,High,1.0334106411495247,0.36354823090394667,1.223521960580991,0.35140128915824353,0,1,1.1284090710224375
-0.280084506394247,M,Widowed,Low,1.3961341830259955,1.5164495974069492,1.223521960580991,-1.5078647910441039,0,0,0.08189298512253884
1.4921868019358826,F,Widowed,Medium,1.8961337593117036,1.5164495974069492,1.223521960580991,0.35140128915824353,1,1,0.598855488925368
1.5578264800221837,F,Widowed,Low,0.8080579562835216,1.1321491419059484,1.223521960580991,2.210667369360591,0,1,-0.19987265795148568
-1.3303193557750645,M,Married,High,-0.5309997261145387,-0.7893531355990558,1.223521960580991,0.35140128915824353,0,1,0.5405919898107466
1.0327090553317748,F,Married,High,0.373445336588833,0.36354823090394667,0.0,0.35140128915824353,1,1,0.10487625484539755
0.6388709868139684,M,Divorced,Low,-1.0467940385479841,-1.1736535911000565,1.223521960580991,2.210667369360591,1,1,-0.02081744054021918
-1.6585177462065699,M,Married,Medium,0.010328958221552586,0.36354823090394667,1.223521960580991,2.210667369360591,0,1,-0.45827687878435874
0.376312274468764,M,Married,Medium,-0.7370086003296249,-0.7893531355990558,1.223521960580991,-1.5078647910441039,1,0,-0.0984017322097962
-1.3303193557750645,F,Widowed,High,-0.8857717155735805,-1.1736535911000565,-1.223521960580991,0.35140128915824353,1,1,0.7283657236159685
0.31067259638246286,F,Divorced,High,-0.700203884966501,-0.7893531355990558,-1.223521960580991,-1.5078647910441039,0,0,0.01575831136791361
-1.6585177462065699,F,Married,High,0.7679750881350182,0.7478486864049475,-1.223521960580991,0.35140128915824353,0,1,0.16632303785738642
1.5578264800221837,F,Married,Low,1.173368800564982,1.1321491419059484,0.0,0.35140128915824353,0,1,0.22504472176930326
1.6234661581084848,F,Widowed,High,-0.8309913442344296,-0.02075222459705415,0.0,0.35140128915824353,0,1,-1.4884399691154524
0.7045106649002695,M,Married,High,0.3213199980841215,0.7478486864049475,-1.223521960580991,-1.5078647910441039,0,0,-0.4274304376493965
0.5732313087276673,F,Widowed,High,-1.108875750181844,-1.1736535911000565,0.0,0.35140128915824353,0,1,-0.30966293909559894
1.4921868019358826,M,Divorced,Medium,0.4853766442978848,0.36354823090394667,-1.223521960580991,0.35140128915824353,0,1,0.278469269214669
0.24503291829616178,M,Widowed,Medium,1.009528891725459,1.1321491419059484,1.223521960580991,-1.5078647910441039,1,0,0.03447160890505902
-1.4615987119476666,F,Widowed,High,-0.133137637439414,0.36354823090394667,1.223521960580991,0.35140128915824353,0,1,-0.6807776188527301
0.5732313087276673,M,Divorced,Medium,-0.2628820480938127,-0.02075222459705415,1.223521960580991,0.35140128915824353,0,1,-0.4311507381388787
1.098348733418076,F,Single,Medium,2.111083050214188,1.5164495974069492,-1.223521960580991,-1.5078647910441039,1,0,0.8210971244904642
-0.8052019310846557,M,Widowed,Medium,-0.4449820807130528,-0.7893531355990558,1.223521960580991,-1.5078647910441039,1,0,0.8073995999389983
1.4921868019358826,M,Married,Medium,1.3773728540683485,0.7478486864049475,1.223521960580991,-1.5078647910441039,0,0,0.9764157683527507
0.9014296991591727,M,Widowed,Low,-0.7073562183164198,-1.1736535911000565,0.0,0.35140128915824353,0,1,1.5584735266866452
-0.280084506394247,F,Divorced,Medium,1.4303922342417996,1.5164495974069492,0.0,0.35140128915824353,0,1,0.11731327100255713
-1.06776064342986,F,Married,Medium,0.9605462451472269,1.1321491419059484,-1.223521960580991,-1.5078647910441039,0,0,-0.022503370517603934
-1.6585177462065699,F,Divorced,Medium,-0.8627162773888043,-1.1736535911000565,1.223521960580991,0.35140128915824353,1,1,0.8356349879714685
-1.002120965343559,F,Widowed,Medium,-1.3864756883255684,-1.1736535911000565,-1.223521960580991,-1.5078647910441039,0,0,-1.6012428653219588
1.6234661581084848,M,Divorced,Low,-0.968335109073117,-1.1736535911000565,-1.223521960580991,0.35140128915824353,0,1,0.3442257904510015
1.163988411504377,F,Divorced,Low,1.9772206294492298,1.1321491419059484,-1.223521960580991,-1.5078647910441039,0,0,1.1600583359561547
-0.14880515022164478,F,Single,High,0.8301922606277782,1.5164495974069492,0.0,0.35140128915824353,0,1,-0.5032490171634568
-1.5272383900339677,M,Widowed,Medium,-0.5022955701136335,-0.40505268009805495,-1.223521960580991,-1.5078647910441039,0,0,-0.3118373160757782
0.5732313087276673,M,Widowed,Medium,0.41045324324030685,0.36354823090394667,-1.223521960580991,0.35140128915824353,0,1,0.1622714037328294
0.6388709868139684,F,Widowed,High,-1.1179922659858126,-1.1736535911000565,0.0,0.35140128915824353,0,1,-0.3520790465640195
0.31067259638246286,M,Widowed,Low,-1.1476446479990177,-1.1736535911000565,0.0,0.35140128915824353,0,1,-0.4900416903208877
-1.4615987119476666,F,Married,High,-1.1319176422807302,-1.5579540466010575,0.0,0.35140128915824353,1,1,2.302488606426175
-0.47700354065315026,M,Divorced,Low,2.082812368961763,1.1321491419059484,-1.223521960580991,0.35140128915824353,0,1,1.2828791226264142
1.3609074457632804,F,Widowed,High,1.0544477125366913,0.7478486864049475,1.223521960580991,0.35140128915824353,0,1,0.5471406310402166
0.6388709868139684,M,Married,High,-0.32895985506522185,-0.7893531355990558,-1.223521960580991,-1.5078647910441039,0,0,1.1672747465135613
-0.34572418448054804,F,Widowed,Medium,1.648118472751734,0.7478486864049475,1.223521960580991,-1.5078647910441039,0,0,1.336326929452865
-0.5426432187394513,M,Divorced,High,0.16921099962533648,-0.02075222459705415,-1.223521960580991,0.35140128915824353,0,1,0.37300319709302365
1.6234661581084848,F,Widowed,Low,-1.2513941198305107,-1.1736535911000565,-1.223521960580991,-1.5078647910441039,0,0,-0.9727533799206386
0.1137535621235596,F,Married,Low,-1.1476581940849075,-1.5579540466010575,-1.223521960580991,-1.5078647910441039,1,0,2.1560175310077363
-0.7395622529983547,F,Married,High,0.6795056011874429,-0.02075222459705415,1.223521960580991,2.210667369360591,0,1,1.322695431531577
1.0327090553317748,F,Divorced,Low,0.14447584679020056,-0.02075222459705415,0.0,0.35140128915824353,0,1,0.3269694305329424
-1.5928780681202688,F,Widowed,High,1.3454853678832939,1.1321491419059484,1.223521960580991,0.35140128915824353,0,1,0.42524496749506474
0.7045106649002695,F,Married,Medium,-1.6987265141759074,-1.5579540466010575,1.223521960580991,0.35140128915824353,0,1,-2.9718566678713487
-1.002120965343559,M,Single,Medium,-1.1138065254458034,-1.5579540466010575,-1.223521960580991,-1.5078647910441039,0,0,2.47101857874498
-0.21444482830794587,F,Widowed,Medium,-0.0999903652665894,1.1321491419059484,0.0,0.35140128915824353,0,1,-1.256084154250927
1.163988411504377,M,Single,Medium,-1.2636804197327385,-1.5579540466010575,1.223521960580991,0.35140128915824353,0,1,1.0763920912840477
0.9670693772454738,F,Married,High,0.2461663135664138,0.7478486864049475,0.0,0.35140128915824353,0,1,-0.5273347315295904
-0.9364812872572579,M,Married,Low,0.6340720291123904,-0.02075222459705415,-1.223521960580991,0.35140128915824353,0,1,1.2381405284414841
-1.5272383900339677,F,Divorced,High,0.6589832810640961,0.7478486864049475,0.0,0.35140128915824353,0,1,0.021436601563219082
1.689105836194786,M,Divorced,Low,0.8344457315972373,1.1321491419059484,1.223521960580991,-1.5078647910441039,0,0,-0.1691792785501175
-0.6082828968257524,F,Widowed,High,-0.7642091407967404,0.7478486864049475,0.0,0.35140128915824353,0,1,-1.8704604474517061
0.4419519525550651,M,Married,Low,1.5518464403315202,0.7478486864049475,0.0,0.35140128915824353,0,1,1.2083493129051839
-1.6585177462065699,F,Married,Low,0.2766314607330188,0.7478486864049475,0.0,0.35140128915824353,0,1,-0.48683639754679353
0.8357900210728716,M,Married,High,-1.68150943900972,-1.5579540466010575,1.223521960580991,2.210667369360591,0,1,-2.8116460509549674
-0.41136386256684915,M,Married,Medium,1.0647969221566498,1.1321491419059484,1.223521960580991,0.35140128915824353,1,1,0.09875753701470064
1.3609074457632804,M,Single,High,0.970936093024855,0.36354823090394667,-1.223521960580991,0.35140128915824353,0,1,1.0315179924467293
1.098348733418076,F,Married,Medium,-1.139489904293239,-0.7893531355990558,1.223521960580991,0.35140128915824353,0,1,-1.3468092459311514
1.689105836194786,M,Divorced,High,-0.27389501592238075,-0.7893531355990558,1.223521960580991,0.35140128915824353,0,1,1.3380736339421193
0.9670693772454738,F,Widowed,Low,-0.4220756494730666,-0.02075222459705415,-1.223521960580991,-1.5078647910441039,1,0,-0.7274206311367253
-0.8052019310846557,F,Widowed,Medium,-1.4707458886472449,-1.5579540466010575,0.0,0.35140128915824353,0,1,-0.8504210402531732
0.31067259638246286,F,Widowed,Low,-0.0346440469332401,-0.02075222459705415,-1.223521960580991,-1.5078647910441039,0,0,-0.006384619425406982
-0.08316547213534368,F,Single,Low,1.4755413385131622,1.1321491419059484,-1.223521960580991,-1.5078647910441039,0,0,0.5765217311667972
-1.5272383900339677,M,Married,Low,-0.18984155297494457,-0.40505268009805495,1.223521960580991,0.35140128915824353,1,1,0.41503484950118047
-1.4615987119476666,F,Widowed,High,1.2159983328608048,1.5164495974069492,-1.223521960580991,0.35140128915824353,0,1,-0.10435413296068903
0.31067259638246286,M,Divorced,Low,0.24552964752958387,0.7478486864049475,-1.223521960580991,0.35140128915824353,1,1,-0.5281810728800537
0.5732313087276673,F,Single,High,1.7144401092691632,0.7478486864049475,-1.223521960580991,-1.5078647910441039,0,0,1.4244904880032312
1.163988411504377,M,Married,Medium,0.9559270298587375,0.36354823090394667,1.223521960580991,0.35140128915824353,0,1,1.0082406040985326
-0.8052019310846557,F,Married,Low,-0.895375890469589,-0.7893531355990558,-1.223521960580991,-1.5078647910441039,0,0,-0.5896218534711171
1.4921868019358826,F,Married,Medium,0.7238825785630756,0.7478486864049475,-1.223521960580991,0.35140128915824353,1,1,0.10770939752212517
0.9670693772454738,M,Married,Medium,-0.06525820104463496,0.7478486864049475,1.223521960580991,0.35140128915824353,0,1,-0.941321702745462
-1.1334003215161612,F,Single,High,-0.4474203761732525,0.36354823090394667,0.0,0.35140128915824353,1,1,-1.1681952064578922
-0.41136386256684915,F,Divorced,Medium,-1.1341933847102499,-1.5579540466010575,-1.223521960580991,0.35140128915824353,0,1,2.2813120654018224
0.376312274468764,F,Married,High,-0.7117722423165591,-0.7893531355990558,0.0,0.35140128915824353,0,1,-0.02012416092335005
-1.1334003215161612,F,Single,High,-1.157506198526936,-1.1736535911000565,0.0,0.35140128915824353,0,1,-0.5359241958736514
0.048113884037258504,F,Single,Medium,0.9737672249758647,0.7478486864049475,0.0,0.35140128915824353,0,1,0.4398893739474922
-1.5272383900339677,F,Divorced,Medium,-0.7469243352011032,-1.1736535911000565,0.0,0.35140128915824353,0,1,1.3743762756981521
-1.4615987119476666,F,Single,Medium,0.30421129160505445,-0.02075222459705415,1.223521960580991,-1.5078647910441039,0,0,0.6242477302462353
1.2296280895906782,F,Single,High,-0.17831383388255648,-0.7893531355990558,-1.223521960580991,-1.5078647910441039,1,0,1.6345452082830547
-0.7395622529983547,M,Widowed,High,-1.5847362014115758,-1.1736535911000565,0.0,0.35140128915824353,0,1,-2.523682908275602
0.4419519525550651,F,Widowed,Medium,0.024132419743460396,0.36354823090394667,1.223521960580991,-1.5078647910441039,0,0,-0.4368692445543834
-1.3959590338613654,M,Divorced,High,-1.0920921497641367,-0.7893531355990558,0.0,0.35140128915824353,0,1,-1.1997919502085135
-1.4615987119476666,F,Widowed,Medium,-1.0211242057864385,-1.1736535911000565,1.223521960580991,-1.5078647910441039,0,0,0.0986157298203409
1.2952677676769793,M,Single,High,0.678896027322393,0.36354823090394667,1.223521960580991,0.35140128915824353,0,1,0.5785963178990935
-0.9364812872572579,M,Single,High,-0.9382086140537621,-0.7893531355990558,1.223521960580991,0.35140128915824353,0,1,-0.7224794382310434
-0.21444482830794587,M,Divorced,Low,0.20440373076755075,0.7478486864049475,-1.223521960580991,0.35140128915824353,1,1,-0.5828511226674123
-0.8052019310846557,F,Single,Low,0.9151397652439544,0.7478486864049475,1.223521960580991,0.35140128915824353,0,1,0.3619539406537867
1.2952677676769793,F,Divorced,Medium,-0.1280714013165548,-0.7893531355990558,1.223521960580991,0.35140128915824353,0,1,1.7903860627658392
-0.9364812872572579,M,Widowed,Low,-1.3501857242262645,-1.5579540466010575,1.223521960580991,0.35140128915824353,0,1,0.27143143067978914
-0.6082828968257524,F,Widowed,High,0.16512008168655717,-0.02075222459705415,0.0,0.35140128915824353,0,1,0.36538972639141065
-0.08316547213534368,F,Married,Medium,0.6023064577003455,0.36354823090394667,1.223521960580991,0.35140128915824353,0,1,0.45981441020892605
0.24503291829616178,M,Widowed,Low,1.1745608561233014,1.1321491419059484,1.223521960580991,2.210667369360591,0,1,0.22643128100304008
-0.280084506394247,F,Married,Medium,-0.46279518365839983,-0.40505268009805495,1.223521960580991,0.35140128915824353,1,1,-0.21994625413081953
1.3609074457632804,M,Married,Medium,0.2630311904994611,0.7478486864049475,0.0,0.35140128915824353,0,1,-0.5049156893737069
-0.01752579404904259,M,Married,High,0.004300950000503513,0.36354823090394667,1.223521960580991,0.35140128915824353,0,1,-0.46762564937546686
-0.6082828968257524,F,Single,Low,0.5892344848164975,0.36354823090394667,1.223521960580991,-1.5078647910441039,0,0,0.43954123353382646
-0.41136386256684915,M,Married,High,-0.42059912611105693,-0.7893531355990558,1.223521960580991,0.35140128915824353,1,1,0.8830301035973996
0.5075916306413661,F,Widowed,Medium,-1.260998294726519,-1.5579540466010575,1.223521960580991,-1.5078647910441039,0,0,1.1013501574913207
0.9670693772454738,F,Divorced,Medium,0.6784219143162431,0.36354823090394667,1.223521960580991,-1.5078647910441039,0,0,0.5778610213357486
0.4419519525550651,F,Widowed,Medium,-1.1012086655681053,-1.1736535911000565,1.223521960580991,0.35140128915824353,0,1,-0.27399055153671953
0.7045106649002695,F,Divorced,Low,-0.7113116753962992,-0.40505268009805495,0.0,0.35140128915824353,0,1,-0.7980784291795878
-1.2646796776887634,M,Widowed,High,-1.5814986868838665,-1.5579540466010575,0.0,0.35140128915824353,0,1,-1.8810127034383308
-0.280084506394247,F,Divorced,High,0.7207805248942661,1.1321491419059484,0.0,0.35140128915824353,0,1,-0.30139085275796124
0.376312274468764,F,Widowed,Low,-1.1245756637283515,-1.1736535911000565,0.0,0.35140128915824353,0,1,-0.3827094005456724
-0.8052019310846557,F,Divorced,High,0.0826108725305806,-0.40505268009805495,0.0,0.35140128915824353,0,1,1.0488499828684463
-1.1990399996024623,M,Married,High,0.623384167345182,0.7478486864049475,0.0,0.35140128915824353,0,1,-0.025886485011609228
-0.08316547213534368,M,Divorced,Medium,-0.06077444661504577,0.36354823090394667,0.0,0.35140128915824353,0,1,-0.5685503548129566
-0.6739225749120535,F,Married,Medium,-0.2972891062544072,0.7478486864049475,-1.223521960580991,-1.5078647910441039,0,0,-1.2497681068323119
1.0327090553317748,F,Widowed,Medium,1.1186561596552806,0.7478486864049475,-1.223521960580991,-1.5078647910441039,1,0,0.6324950565975556
-0.47700354065315026,F,Divorced,Low,-0.7219724449917274,-1.1736535911000565,0.0,0.35140128915824353,0,1,1.490469098813799
0.9670693772454738,F,Divorced,Medium,0.10379695086253726,0.36354823090394667,1.223521960580991,2.210667369360591,0,1,-0.3133184134390883
-0.6739225749120535,F,Widowed,High,0.4115098379397269,-0.02075222459705415,1.223521960580991,-1.5078647910441039,0,0,0.8239374700723024
-0.9364812872572579,M,Married,Low,1.7741377097863835,1.1321491419059484,-1.223521960580991,0.35140128915824353,1,1,0.9238390628630799
0.8357900210728716,F,Married,High,0.6766202848928732,0.7478486864049475,0.0,0.35140128915824353,0,1,0.04488205769732387
1.4265471238495815,M,Single,Low,0.4839272131076548,-0.40505268009805495,0.0,0.35140128915824353,0,1,1.9824455251117035
0.24503291829616178,M,Single,High,-0.32052064355575316,-0.7893531355990558,0.0,0.35140128915824353,0,1,1.1934513041686636
-1.5928780681202688,F,Single,Low,0.013837394467061899,-0.40505268009805495,-1.223521960580991,-1.5078647910441039,1,0,0.8888599549210685
0.376312274468764,M,Divorced,High,0.5897627821662076,0.7478486864049475,0.0,0.35140128915824353,0,1,-0.07058051122116978
1.2296280895906782,F,Divorced,Medium,0.63556209856029,0.36354823090394667,-1.223521960580991,-1.5078647910441039,0,0,0.5113902120093082
-0.08316547213534368,M,Divorced,Low,1.6976565088514561,1.1321491419059484,0.0,0.35140128915824353,0,1,0.8348786829348845
-0.08316547213534368,M,Widowed,High,1.873714987163757,1.1321491419059484,1.223521960580991,0.35140128915824353,0,1,1.0396640279449363
-1.4615987119476666,F,Single,High,0.2629363678982312,0.7478486864049475,-1.223521960580991,0.35140128915824353,0,1,-0.5050417402131374
-0.47700354065315026,M,Widowed,High,-0.02265576092059219,0.7478486864049475,0.0,0.35140128915824353,1,1,-0.8846888613155397
1.4265471238495815,F,Single,High,1.2439168158800904,0.36354823090394667,1.223521960580991,0.35140128915824353,0,1,1.4548807451478731
-1.4615987119476666,F,Single,Medium,1.7500934073316377,1.5164495974069492,-1.223521960580991,0.35140128915824353,0,1,0.44786058893625097
1.098348733418076,F,Divorced,Medium,0.2722696210764395,0.36354823090394667,1.223521960580991,0.35140128915824353,1,1,-0.05203603177254835
-0.8708416091709568,F,Married,Low,0.11696374634761514,-0.40505268009805495,0.0,0.35140128915824353,1,1,1.1287662150674915
0.8357900210728716,F,Single,Low,1.1041618477529833,1.1321491419059484,1.223521960580991,2.210667369360591,0,1,0.1445455044378914
0.6388709868139684,F,Married,High,-0.6091064573562658,-0.7893531355990558,1.223521960580991,-1.5078647910441039,0,0,0.29832227642499937
-0.21444482830794587,M,Widowed,Low,0.41942075209948554,1.1321491419059484,0.0,0.35140128915824353,1,1,-0.6519224808597256
-1.3303193557750645,M,Divorced,High,-0.6726646923521356,-0.7893531355990558,1.223521960580991,2.210667369360591,0,1,0.10117876355543101
-0.14880515022164478,F,Single,Low,0.2924803812243163,0.36354823090394667,1.223521960580991,-1.5078647910441039,1,0,-0.020691389700788265
1.163988411504377,M,Divorced,Low,-1.175915329251443,-1.5579540466010575,0.0,0.35140128915824353,1,1,1.8930754799553586
0.4419519525550651,M,Widowed,High,-0.6835828375794738,-0.7893531355990558,-1.223521960580991,0.35140128915824353,1,1,0.06731310469505766
-0.9364812872572579,F,Married,Medium,1.8798784562437063,1.5164495974069492,-1.223521960580991,0.35140128915824353,1,1,0.5820487103346115
0.9670693772454738,M,Divorced,High,-0.5521451661888253,-1.1736535911000565,-1.223521960580991,-1.5078647910441039,0,0,2.2806187857849536
-0.34572418448054804,F,Divorced,Medium,1.2446889427758205,1.5164495974069492,-1.223521960580991,-1.5078647910441039,0,0,-0.07469016874800409
-1.002120965343559,F,Single,Low,-0.7319559102926557,-0.7893531355990558,1.223521960580991,0.35140128915824353,1,1,-0.08272941117391616
1.163988411504377,M,Married,Medium,1.4834387065870307,1.5164495974069492,-1.223521960580991,0.35140128915824353,0,1,0.172159391803724
0.7701503429865705,F,Widowed,High,0.5185781008142694,0.7478486864049475,1.223521960580991,2.210667369360591,0,1,-0.16520867710805107
0.1793932402098607,F,Single,Low,2.3001457709808872,1.5164495974069492,0.0,0.35140128915824353,0,1,1.0165739651497823
1.4265471238495815,F,Divorced,Medium,-0.12995430725526466,-0.40505268009805495,-1.223521960580991,-1.5078647910441039,0,0,0.5543525397819278
0.9670693772454738,F,Divorced,Medium,0.8406769311066362,0.7478486864049475,1.223521960580991,-1.5078647910441039,0,0,0.2629680171751584
-1.5272383900339677,M,Married,High,0.34144948171665807,-0.02075222459705415,-1.223521960580991,0.35140128915824353,1,1,0.6935504817652167
0.1137535621235596,F,Widowed,Low,-1.2336216551428336,-1.5579540466010575,-1.223521960580991,0.35140128915824353,0,1,1.3560989039807043
-0.41136386256684915,M,Widowed,Low,0.4609530514382185,0.7478486864049475,-1.223521960580991,-1.5078647910441039,0,0,-0.24181157295634717
-0.01752579404904259,F,Divorced,Medium,0.9505492337604083,0.7478486864049475,-1.223521960580991,-1.5078647910441039,1,0,0.4090249255497539
-0.14880515022164478,M,Widowed,Medium,-0.38791242085849215,-0.40505268009805495,0.0,0.35140128915824353,1,1,-0.045743994037633705
1.689105836194786,M,Single,Medium,0.07048712565903252,-0.02075222459705415,-1.223521960580991,-1.5078647910441039,0,0,0.18927149353887884
1.3609074457632804,F,Married,Low,1.2911926556361828,1.5164495974069492,1.223521960580991,0.35140128915824353,1,1,-0.026608776329616453
-0.34572418448054804,M,Divorced,Medium,1.904058219557352,0.7478486864049475,-1.223521960580991,0.35140128915824353,0,1,1.6765561523390191
0.24503291829616178,F,Widowed,Medium,-1.4337244359098806,-1.5579540466010575,1.223521960580991,0.35140128915824353,0,1,-0.5059240960891523
-1.4615987119476666,F,Widowed,Low,-1.590926762663305,-1.5579540466010575,-1.223521960580991,-1.5078647910441039,0,0,-1.9687440876820772
0.6388709868139684,M,Single,Low,-0.5882048468279993,-0.40505268009805495,1.223521960580991,0.35140128915824353,0,1,-0.5116909219931053
0.9014296991591727,M,Widowed,High,0.2744369948188393,0.36354823090394667,-1.223521960580991,-1.5078647910441039,0,0,-0.048674676054396626
-1.06776064342986,M,Single,Low,1.5288722786620832,1.1321491419059484,-1.223521960580991,-1.5078647910441039,1,0,0.6385545005216154
-1.06776064342986,M,Married,Low,-1.053892187554343,-1.5579540466010575,-1.223521960580991,0.35140128915824353,1,1,3.0285414415468335
1.0327090553317748,F,Divorced,High,2.266957860550393,1.5164495974069492,1.223521960580991,2.210667369360591,1,1,0.9822601255269886
-0.14880515022164478,M,Single,Low,-1.6987265141759074,-1.5579540466010575,1.223521960580991,-1.5078647910441039,0,0,-2.9718566678713487
-1.4615987119476666,F,Widowed,High,-1.005194008779801,-1.1736535911000565,-1.223521960580991,-1.5078647910441039,0,0,0.17273362340557477
1.3609074457632804,M,Widowed,Low,0.33160147727463,-0.02075222459705415,0.0,0.35140128915824353,0,1,0.675222689711998
0.048113884037258504,M,Married,High,-1.0940969704758565,-1.5579540466010575,-1.223521960580991,-1.5078647910441039,0,0,2.654422550116605
1.6234661581084848,F,Single,Medium,-1.0914283915555267,-0.7893531355990558,-1.223521960580991,0.35140128915824353,0,1,-1.1977331198311458
1.2296280895906782,M,Divorced,Medium,-0.23152285925846772,-0.02075222459705415,0.0,0.35140128915824353,0,1,-0.37278919948247824
-1.4615987119476666,F,Widowed,Medium,1.160621933742494,1.5164495974069492,1.223521960580991,0.35140128915824353,0,1,-0.16160922535986444
0.376312274468764,M,Single,High,-0.7211054954947675,-0.7893531355990558,-1.223521960580991,0.35140128915824353,0,1,-0.04907383704592744
-1.06776064342986,M,Widowed,Medium,-0.5433402103603266,-0.7893531355990558,0.0,0.35140128915824353,1,1,0.5023145515703004
-1.002120965343559,F,Divorced,Low,-0.13144437670316428,1.1321491419059484,1.223521960580991,2.210667369360591,1,1,-1.2926704103956788
0.1137535621235596,F,Single,High,0.40063233097005846,0.7478486864049475,0.0,0.35140128915824353,0,1,-0.32199791409702916
1.2952677676769793,F,Widowed,Low,-0.2028457954293426,-0.40505268009805495,-1.223521960580991,0.35140128915824353,0,1,0.3847826480378192
-1.1990399996024623,F,Divorced,Low,-0.895782273046289,-0.7893531355990558,1.223521960580991,0.35140128915824353,0,1,-0.5908823618654241
0.9014296991591727,F,Single,Low,1.0872427864763756,0.7478486864049475,0.0,0.35140128915824353,1,1,0.5907362142204516
-0.280084506394247,F,Single,High,-0.06677536266431487,0.36354823090394667,0.0,0.35140128915824353,0,1,-0.5778571084575878
0.5075916306413661,F,Married,Low,0.21135287282911944,-0.02075222459705415,-1.223521960580991,0.35140128915824353,0,1,0.4514320293867862
1.2296280895906782,M,Divorced,Medium,-0.07739549400207302,-0.40505268009805495,-1.223521960580991,-1.5078647910441039,0,0,0.6766218540296782
0.5732313087276673,F,Single,High,-0.5834908089382801,-0.40505268009805495,1.223521960580991,0.35140128915824353,0,1,-0.5007244989626369
0.5732313087276673,M,Married,Medium,0.40214949258973837,1.1321491419059484,-1.223521960580991,-1.5078647910441039,0,0,-0.6720118333939886
-0.08316547213534368,M,Single,High,1.0154214390876077,-0.02075222459705415,-1.223521960580991,-1.5078647910441039,1,0,1.947857174771928
0.5075916306413661,F,Widowed,Low,0.1297512514277731,-0.02075222459705415,0.0,0.35140128915824353,1,1,0.29956597804071505
-1.3303193557750645,M,Married,Medium,0.5635917442267316,0.36354823090394667,0.0,0.35140128915824353,0,1,0.3997721936934497
0.9670693772454738,M,Single,High,-0.3257629787951822,-0.02075222459705415,0.0,0.35140128915824353,0,1,-0.5481763374663122
0.7045106649002695,F,Widowed,Low,-1.0225736369766683,-1.1736535911000565,1.223521960580991,0.35140128915824353,1,1,0.09187200991079975
-1.6585177462065699,M,Widowed,Low,-0.8832115053403711,-1.1736535911000565,1.223521960580991,0.35140128915824353,0,1,0.7402775279421661
-0.9364812872572579,F,Widowed,High,1.2879280489366929,1.1321491419059484,1.223521960580991,2.210667369360591,0,1,0.35829621540244977
0.5732313087276673,M,Married,High,-1.6751021403837512,-1.5579540466010575,0.0,0.35140128915824353,0,1,-2.7520240039042605
-1.3303193557750645,M,Widowed,High,-1.170036327975184,-1.5579540466010575,-1.223521960580991,0.35140128915824353,0,1,1.947781544268269
-0.6082828968257524,F,Divorced,High,0.41405650208704636,0.36354823090394667,1.223521960580991,2.210667369360591,0,1,0.16785965761425567
-1.1334003215161612,M,Single,Medium,1.5749018785162958,1.1321491419059484,1.223521960580991,0.35140128915824353,0,1,0.6920945945697925
-1.5928780681202688,M,Divorced,High,-1.4323562812349908,-1.5579540466010575,0.0,0.35140128915824353,0,1,-0.49319296130665446
-0.5426432187394513,F,Widowed,Low,0.8330911230082375,0.36354823090394667,-1.223521960580991,-1.5078647910441039,0,0,0.8177357687723132
1.4921868019358826,F,Widowed,Medium,-0.4146253022335678,-0.7893531355990558,0.0,0.35140128915824353,0,1,0.9015595769937085
0.6388709868139684,M,Divorced,Low,-1.3625126623861623,-1.5579540466010575,-1.223521960580991,0.35140128915824353,0,1,0.15672516679787993
0.1137535621235596,M,Married,Low,0.6055304261421651,1.1321491419059484,0.0,0.35140128915824353,0,1,-0.43544592049247866
0.9670693772454738,F,Widowed,High,0.05171225061549574,0.36354823090394667,-1.223521960580991,0.35140128915824353,0,1,-0.39409599304090964
0.7045106649002695,M,Widowed,Medium,-1.7031154460042666,-1.5579540466010575,1.223521960580991,0.35140128915824353,0,1,-3.012697139846886
1.4921868019358826,F,Divorced,High,-0.4613051142105,-0.40505268009805495,1.223521960580991,-1.5078647910441039,0,0,-0.21647985604647602
-0.01752579404904259,F,Widowed,Low,0.0431782165047972,0.36354823090394667,-1.223521960580991,-1.5078647910441039,0,0,-0.40733133118112974
-1.4615987119476666,M,Widowed,High,-0.4625919923700499,-0.40505268009805495,1.223521960580991,-1.5078647910441039,0,0,-0.21947356348295458
0.9014296991591727,F,Married,High,-0.4309212435592351,-0.7893531355990558,-1.223521960580991,-1.5078647910441039,0,0,0.85101319038201
0.6388709868139684,F,Married,High,-0.7739487765516488,-0.7893531355990558,-1.223521960580991,0.35140128915824353,0,1,-0.21298194525227523
1.6234661581084848,M,Married,High,-1.3259111383113884,-1.5579540466010575,0.0,0.35140128915824353,0,1,0.49731453493954997
0.31067259638246286,F,Married,High,1.379702780841428,1.5164495974069492,0.0,0.35140128915824353,0,1,0.06490413309704947
0.24503291829616178,M,Married,High,0.20265628568774108,-0.40505268009805495,-1.223521960580991,-1.5078647910441039,0,0,1.328115617627096
1.5578264800221837,M,Widowed,Medium,0.7106480526485478,0.7478486864049475,0.0,0.35140128915824353,0,1,0.09011630179015874
0.5075916306413661,M,Single,High,0.1807387187177246,-0.02075222459705415,-1.223521960580991,-1.5078647910441039,0,0,0.3944570499641237
-0.47700354065315026,F,Widowed,Medium,-0.28302507781223923,-0.40505268009805495,0.0,0.35140128915824353,0,1,0.1982589183902859
-0.5426432187394513,M,Widowed,High,-0.9132431777584961,-0.02075222459705415,1.223521960580991,-1.5078647910441039,1,0,-1.6415161085200578
0.24503291829616178,M,Single,Medium,-1.3328196421152871,-1.1736535911000565,1.223521960580991,2.210667369360591,0,1,-1.3515991778295169
-0.34572418448054804,M,Divorced,Low,-1.669101224334482,-1.5579540466010575,0.0,0.35140128915824353,0,1,-2.6961834820364734
-1.5272383900339677,M,Single,Medium,-0.9899275699817736,-1.1736535911000565,-1.223521960580991,0.35140128915824353,0,1,0.2437632714247572
-1.3303193557750645,F,Married,Medium,-0.901850919525008,-1.1736535911000565,-1.223521960580991,0.35140128915824353,1,1,0.6535545504138651
0.7701503429865705,F,Widowed,Low,-0.8362878638174186,1.1321491419059484,0.0,0.35140128915824353,0,1,-2.112520826407685
-0.8708416091709568,M,Married,High,-1.0826640739846984,-0.7893531355990558,1.223521960580991,2.210667369360591,0,1,-1.170548155460598
1.2296280895906782,F,Single,High,1.1898408410072192,1.1321491419059484,0.0,0.35140128915824353,0,1,0.24420444936276486
-1.5272383900339677,F,Divorced,Medium,-1.0696191932726304,-1.5579540466010575,0.0,0.35140128915824353,0,1,2.8821964169678256
1.4265471238495815,F,Divorced,High,-0.6005317849878973,-1.1736535911000565,1.223521960580991,0.35140128915824353,0,1,2.0554919865617767
0.1137535621235596,M,Widowed,High,1.00263393400745,1.5164495974069492,1.223521960580991,0.35140128915824353,0,1,-0.32495710761318697
-0.280084506394247,F,Single,Low,-1.632431969830258,-1.5579540466010575,1.223521960580991,2.210667369360591,0,1,-2.35496385969765
0.9014296991591727,F,Married,High,-0.5794676214289508,-0.40505268009805495,-1.223521960580991,-1.5078647910441039,1,0,-0.49136522413490996
0.9014296991591727,F,Married,High,0.1390167741765315,0.36354823090394667,1.223521960580991,2.210667369360591,0,1,-0.25869638301913156
-0.9364812872572579,F,Divorced,Medium,-0.9662219196742774,-1.1736535911000565,1.223521960580991,2.210667369360591,0,1,0.35405775592659344
-0.21444482830794587,F,Widowed,High,-0.895646812187389,-0.7893531355990558,0.0,0.35140128915824353,0,1,-0.5904621924006548
0.31067259638246286,M,Single,High,-1.169982143631624,-1.1736535911000565,1.223521960580991,0.35140128915824353,0,1,-0.5939706074314751
-0.5426432187394513,F,Married,Medium,-0.5673303284715128,-0.02075222459705415,0.0,0.35140128915824353,0,1,-0.9977492613797404
-1.2646796776887634,F,Divorced,Medium,1.4820976440839213,1.1321491419059484,-1.223521960580991,0.35140128915824353,0,1,0.5841478069523529
-1.1990399996024623,M,Widowed,Medium,1.781940255259022,1.5164495974069492,0.0,0.35140128915824353,0,1,0.4807878693253063
-0.47700354065315026,M,Divorced,High,-0.48597253661618617,-0.02075222459705415,1.223521960580991,0.35140128915824353,0,1,-0.8463369930556197
0.1793932402098607,M,Widowed,High,0.4204231624553454,-0.02075222459705415,0.0,0.35140128915824353,0,1,0.8405257605413783
1.163988411504377,M,Single,High,1.5880280357437038,0.7478486864049475,1.223521960580991,0.35140128915824353,0,1,1.2564467117793718
-0.41136386256684915,F,Divorced,High,0.6126827594920836,0.36354823090394667,-1.223521960580991,-1.5078647910441039,0,0,0.47590690070957464
1.5578264800221837,F,Married,High,-0.6916021204263524,-1.1736535911000565,1.223521960580991,-1.5078647910441039,1,0,1.6317720898155796
1.0327090553317748,F,Widowed,High,-1.5322451185878345,-1.5579540466010575,0.0,0.35140128915824353,0,1,-1.4226918512684148
0.24503291829616178,F,Divorced,Medium,-0.8927073115492595,-1.1736535911000565,0.0,0.35140128915824353,0,1,0.6960967087217163
1.3609074457632804,F,Widowed,Medium,-1.6976157351329275,-1.5579540466010575,0.0,0.35140128915824353,0,1,-2.961520499038034
-0.280084506394247,M,Divorced,High,-0.7912742204049561,-0.40505268009805495,-1.223521960580991,-1.5078647910441039,0,0,-0.9840979554693989
-1.06776064342986,F,Divorced,Low,-0.16254618990659922,0.36354823090394667,-1.223521960580991,0.35140128915824353,0,1,-0.7263870142533942
-0.01752579404904259,M,Single,Medium,-0.3308156688321515,0.36354823090394667,-1.223521960580991,-1.5078647910441039,0,0,-0.9873542688213578
1.6234661581084848,M,Married,High,1.3934656041056661,0.7478486864049475,-1.223521960580991,-1.5078647910441039,1,0,0.9978083965304138
0.4419519525550651,M,Divorced,Medium,-0.46387887052959975,-0.7893531355990558,1.223521960580991,-1.5078647910441039,0,0,0.7487859596037364
0.1137535621235596,F,Single,Low,0.2702783464506098,0.36354823090394667,1.223521960580991,0.35140128915824353,0,1,-0.05512427733859982
-1.06776064342986,F,Widowed,Medium,0.9664117003375958,1.1321491419059484,-1.223521960580991,-1.5078647910441039,0,0,-0.015680868833419036
0.1793932402098607,M,Widowed,Medium,0.5073619416973509,0.36354823090394667,-1.223521960580991,0.35140128915824353,0,1,0.3125660212806643
1.163988411504377,M,Divorced,Medium,0.9582163183741472,1.5164495974069492,1.223521960580991,0.35140128915824353,0,1,-0.37088163011242786
-0.5426432187394513,M,Married,Medium,-0.7617979375083208,-1.1736535911000565,-1.223521960580991,-1.5078647910441039,0,0,1.3051743648507141
1.0327090553317748,M,Widowed,High,0.14828229692528985,0.36354823090394667,1.223521960580991,-1.5078647910441039,0,0,-0.24432658732403534
-1.6585177462065699,M,Divorced,Low,1.9441275416199655,1.5164495974069492,-1.223521960580991,0.35140128915824353,0,1,0.6484775027145744
-0.21444482830794587,M,Widowed,High,-0.9189596260040752,-1.1736535911000565,-1.223521960580991,0.35140128915824353,1,1,0.5739534453133971
-0.6082828968257524,F,Single,Medium,0.307259160930304,-0.02075222459705415,1.223521960580991,0.35140128915824353,0,1,0.6299200180206153
1.098348733418076,M,Divorced,Medium,-1.3559563568154036,-1.5579540466010575,1.223521960580991,0.35140128915824353,1,1,0.2177337730823239
0.7045106649002695,M,Divorced,Medium,-1.2769555839049365,-0.7893531355990558,-1.223521960580991,0.35140128915824353,0,1,-1.7731972187786313
0.31067259638246286,M,Divorced,Low,-1.2171225225288163,-1.5579540466010575,1.223521960580991,0.35140128915824353,0,1,1.5096288264072606
-0.08316547213534368,M,Single,Low,1.421384087124951,1.1321491419059484,0.0,0.35140128915824353,0,1,0.5135278241613198
-1.4615987119476666,M,Divorced,High,-0.6595520812106176,-0.40505268009805495,1.223521960580991,0.35140128915824353,0,1,-0.6776683648134398
1.689105836194786,F,Divorced,Medium,1.3760317915652391,1.5164495974069492,-1.223521960580991,0.35140128915824353,1,1,0.06110860226530444
-1.1334003215161612,M,Single,Low,1.2016665739891874,1.1321491419059484,-1.223521960580991,-1.5078647910441039,0,0,0.25795974721563675
0.1137535621235596,F,Widowed,Medium,0.6287890556152911,1.1321491419059484,1.223521960580991,-1.5078647910441039,0,0,-0.4083922590796713
0.24503291829616178,M,Single,High,1.464785746316504,1.5164495974069492,0.0,0.35140128915824353,0,1,0.1528736133708311
1.3609074457632804,M,Married,High,-1.0808895367331086,-1.1736535911000565,1.223521960580991,0.35140128915824353,1,1,-0.17945242196371708
-0.14880515022164478,F,Single,Low,0.33470353094343946,1.5164495974069492,-1.223521960580991,-1.5078647910441039,0,0,-1.0155476399073509
0.4419519525550651,M,Widowed,High,-1.3278888668513282,-1.5579540466010575,1.223521960580991,-1.5078647910441039,0,0,0.47891111238267237
-0.41136386256684915,F,Divorced,Low,-0.10597773522996821,1.1321491419059484,-1.223521960580991,-1.5078647910441039,1,0,-1.2630484631294712
-1.1334003215161612,F,Divorced,Medium,1.6947305542992162,1.1321491419059484,0.0,0.35140128915824353,0,1,0.8314753102702559
-1.1990399996024623,F,Single,Low,1.2607546006413575,0.7478486864049475,-1.223521960580991,0.35140128915824353,0,1,0.8213912431158021
-0.14880515022164478,F,Married,High,0.910466365611905,0.36354823090394667,0.0,0.35140128915824353,0,1,0.9377361679103108
-0.8052019310846557,F,Single,Medium,2.8247179470710515,1.5164495974069492,-1.223521960580991,0.35140128915824353,0,1,1.5589427159223037
-0.5426432187394513,F,Married,High,-0.0369333354486498,0.36354823090394667,1.223521960580991,0.35140128915824353,0,1,-0.5315754419132936
-1.6585177462065699,M,Single,Medium,0.25381985209426267,-0.02075222459705415,1.223521960580991,-1.5078647910441039,0,0,0.5304659057098161
-0.9364812872572579,F,Married,Medium,-1.6678278922608225,-1.5579540466010575,1.223521960580991,0.35140128915824353,0,1,-2.6843347031299905
0.1793932402098607,M,Married,Medium,-1.3545882021405138,-1.1736535911000565,-1.223521960580991,0.35140128915824353,0,1,-1.4528810273120605
0.7045106649002695,M,Divorced,Medium,1.1873348151175698,1.5164495974069492,0.0,0.35140128915824353,0,1,-0.1339900858757219
-0.01752579404904259,F,Married,High,-1.5359567461216939,-1.5579540466010575,-1.223521960580991,0.35140128915824353,0,1,-1.4572297812724186
0.4419519525550651,F,Divorced,Low,-0.16698930607851847,-0.40505268009805495,-1.223521960580991,-1.5078647910441039,0,0,0.46819679103106515
1.098348733418076,F,Single,Medium,1.4890196939737104,1.1321491419059484,1.223521960580991,0.35140128915824353,0,1,0.5921993043209872
-0.7395622529983547,M,Single,High,0.09011540411363932,-0.40505268009805495,1.223521960580991,0.35140128915824353,0,1,1.066308024129594
-0.21444482830794587,F,Single,High,0.4267085463083042,1.1321491419059484,-1.223521960580991,-1.5078647910441039,0,0,-0.6434455619080133
0.1793932402098607,F,Single,High,-0.1278953021999847,0.36354823090394667,0.0,0.35140128915824353,0,1,-0.6726473397094513
-0.34572418448054804,M,Single,Low,-0.2430912166085261,-0.40505268009805495,-1.223521960580991,-1.5078647910441039,1,0,0.29115838705068897
-0.47700354065315026,F,Divorced,High,1.6255777858307778,1.5164495974069492,-1.223521960580991,-1.5078647910441039,0,0,0.3191206649310596
-1.3959590338613654,M,Single,High,-0.6319451581668021,-0.40505268009805495,1.223521960580991,0.35140128915824353,0,1,-0.6134454621235135
-0.21444482830794587,F,Married,Low,-1.2569480150454098,-1.1736535911000565,1.223521960580991,0.35140128915824353,0,1,-0.998593802003926
0.6388709868139684,M,Widowed,High,0.09645497231015837,-0.40505268009805495,0.0,0.35140128915824353,1,1,1.0810559723429827
-0.41136386256684915,F,Divorced,High,-0.6691291639348461,-0.40505268009805495,-1.223521960580991,-1.5078647910441039,0,0,-0.699947850682811
-1.1990399996024623,M,Married,Low,-1.6520196100271949,-1.5579540466010575,1.223521960580991,2.210667369360591,0,1,-2.5372333735143986
-1.1334003215161612,F,Widowed,Low,0.7048638739735185,1.1321491419059484,0.0,0.35140128915824353,1,1,-0.31990456979934123
-0.8052019310846557,F,Widowed,Low,-1.0080793250743705,-0.7893531355990558,0.0,0.35140128915824353,1,1,-0.9392028481588419
-1.3303193557750645,M,Divorced,Medium,-1.334458718507977,-1.5579540466010575,0.0,0.35140128915824353,0,1,0.4177764552587972
-1.6585177462065699,F,Married,Low,0.9794836732214438,0.7478486864049475,0.0,0.35140128915824353,0,1,0.44748843883888406
-1.1334003215161612,F,Widowed,Medium,0.36068492368045496,0.7478486864049475,-1.223521960580991,-1.5078647910441039,0,0,-0.3751013320228927
-0.6739225749120535,M,Widowed,Medium,0.93976654939197,1.1321491419059484,-1.223521960580991,-1.5078647910441039,0,0,-0.046673618978435125
-0.6739225749120535,M,Divorced,Low,1.4621713517397346,1.1321491419059484,1.223521960580991,0.35140128915824353,0,1,0.5609702088520384
-0.9364812872572579,F,Single,Medium,-0.7948910253375855,-1.1736535911000565,1.223521960580991,0.35140128915824353,1,1,1.1512032644861505
-1.3959590338613654,M,Widowed,High,-0.5436653164216866,-0.7893531355990558,1.223521960580991,2.210667369360591,1,1,0.5013061448548545
0.9014296991591727,F,Divorced,High,1.4303380498982396,1.5164495974069492,0.0,0.35140128915824353,0,1,0.11725724840725443
0.1793932402098607,F,Divorced,Low,0.5568051551958431,0.36354823090394667,-1.223521960580991,-1.5078647910441039,0,0,0.389246948600989
1.2952677676769793,M,Married,Medium,-0.9464988186184405,-1.1736535911000565,-1.223521960580991,-1.5078647910441039,0,0,0.44582276703212154
0.048113884037258504,M,Divorced,High,1.4125520391246724,1.1321491419059484,0.0,0.35140128915824353,0,1,0.5032546807477203
-1.002120965343559,F,Divorced,Medium,0.008513782712292995,-0.40505268009805495,1.223521960580991,0.35140128915824353,0,1,0.8764754599470057
1.3609074457632804,M,Single,Medium,-0.8906483064939799,-1.1736535911000565,1.223521960580991,0.35140128915824353,1,1,0.7056765725184471
1.5578264800221837,F,Widowed,High,0.5129700212558101,0.7478486864049475,1.223521960580991,-1.5078647910441039,0,0,-0.17266368389723669
0.1137535621235596,M,Married,Low,2.0590389882248163,1.5164495974069492,-1.223521960580991,-1.5078647910441039,1,0,0.7672874217023935
1.689105836194786,F,Divorced,Medium,-1.0275856887559673,-0.7893531355990558,0.0,0.35140128915824353,0,1,-0.9997072510855634
0.6388709868139684,F,Married,High,1.0169115085355074,1.1321491419059484,1.223521960580991,0.35140128915824353,0,1,0.043058822341273124
1.0327090553317748,F,Widowed,Low,1.9718563794367907,1.5164495974069492,-1.223521960580991,0.35140128915824353,1,1,0.6771470658606389
-0.47700354065315026,F,Divorced,Medium,1.130183878747669,0.7478486864049475,1.223521960580991,0.35140128915824353,0,1,0.6478192372197699
0.5732313087276673,F,Divorced,Medium,0.34917075067395714,1.5164495974069492,-1.223521960580991,0.35140128915824353,0,1,-1.0005896069615778
1.689105836194786,F,Married,Medium,0.21555215945501893,0.36354823090394667,-1.223521960580991,0.35140128915824353,0,1,-0.13999850922191706
0.31067259638246286,F,Single,Medium,-1.5985125707617038,-1.5579540466010575,0.0,0.35140128915824353,1,1,-2.0393325577632524
1.163988411504377,M,Widowed,Low,-1.4659776664139652,-1.5579540466010575,0.0,0.35140128915824353,0,1,-0.8060511447735772
-0.47700354065315026,M,Widowed,Medium,0.4409725747504721,-0.02075222459705415,1.223521960580991,2.210667369360591,0,1,0.8787695852246441
1.2952677676769793,M,Widowed,High,0.3126640492004131,0.7478486864049475,-1.223521960580991,-1.5078647910441039,0,0,-0.4389370785631388
-0.14880515022164478,F,Divorced,High,-1.2359922201735831,-1.5579540466010575,-1.223521960580991,-1.5078647910441039,0,0,1.334040007080337
-1.5928780681202688,M,Divorced,High,0.2373071733943553,-0.02075222459705415,1.223521960580991,2.210667369360591,0,1,0.49973471105661893
-1.2646796776887634,M,Divorced,Low,-0.5329639085685884,-0.7893531355990558,0.0,0.35140128915824353,0,1,0.5344995325715974
1.098348733418076,M,Married,High,0.02119291910533078,-0.7893531355990558,1.223521960580991,0.35140128915824353,0,1,2.25337079599469
1.4921868019358826,M,Widowed,Medium,-0.017128957877473195,-0.02075222459705415,0.0,0.35140128915824353,1,1,0.026212127651363715
0.31067259638246286,F,Widowed,Medium,1.18320325892112,1.1321491419059484,1.223521960580991,-1.5078647910441039,0,0,0.23648383544763618
-0.6082828968257524,F,Widowed,High,-0.9111841727032163,-1.1736535911000565,-1.223521960580991,0.35140128915824353,0,1,0.6101300362300002
0.048113884037258504,M,Single,Low,0.6824721939973525,0.7478486864049475,-1.223521960580991,-1.5078647910441039,1,0,0.05266119521647408
0.6388709868139684,F,Divorced,Low,0.08449377846929011,-0.02075222459705415,0.0,0.35140128915824353,0,1,0.21533880713314119
1.5578264800221837,F,Widowed,Medium,-0.40863793227018885,0.7478486864049475,-1.223521960580991,0.35140128915824353,0,1,-1.3977878068494698
1.098348733418076,F,Widowed,Medium,0.6792753177273129,1.5164495974069492,1.223521960580991,0.35140128915824353,0,1,-0.6592859507298007
-1.06776064342986,F,Divorced,High,0.2693707586959798,0.7478486864049475,0.0,0.35140128915824353,0,1,-0.49648829039462816
1.2296280895906782,F,Divorced,Low,-1.0098809544977403,-0.7893531355990558,1.223521960580991,-1.5078647910441039,0,0,-0.9447911020402683
-0.8052019310846557,M,Widowed,High,1.5538377149573497,1.1321491419059484,1.223521960580991,0.35140128915824353,0,1,0.6675934626554565
-1.2646796776887634,F,Married,Medium,0.1277599768019431,-0.02075222459705415,1.223521960580991,0.35140128915824353,0,1,0.29586008336145286
0.8357900210728716,M,Married,Medium,-1.5145810225872773,-1.5579540466010575,1.223521960580991,0.35140128915824353,0,1,-1.2583215566508215
0.9014296991591727,F,Married,High,-1.3995882994670865,-1.1736535911000565,-1.223521960580991,-1.5078647910441039,0,0,-1.6622514716064032
-1.1334003215161612,M,Married,Low,0.7686117541718482,0.7478486864049475,0.0,0.35140128915824353,0,1,0.16716937920784963
-0.8052019310846557,M,Single,Medium,0.04789225439451645,-0.02075222459705415,0.0,0.35140128915824353,1,1,0.14722093350480717
-1.1990399996024623,F,Married,Medium,-1.6605942823955635,-1.5579540466010575,1.223521960580991,0.35140128915824353,0,1,-2.617023554874013
-0.6082828968257524,M,Widowed,Low,-1.0547320448795228,-1.5579540466010575,-1.223521960580991,-1.5078647910441039,0,0,3.020726289502132
-0.21444482830794587,F,Widowed,Medium,-0.9794970838464752,-0.7893531355990558,1.223521960580991,0.35140128915824353,0,1,-0.8505470910926037
-0.6739225749120535,M,Widowed,Low,0.5840192417488486,1.1321491419059484,0.0,0.35140128915824353,0,1,-0.4604670121194668
-0.01752579404904259,M,Married,Low,1.1702938390679527,0.7478486864049475,-1.223521960580991,-1.5078647910441039,0,0,0.7011387422989435
-1.1334003215161612,F,Divorced,Medium,0.14421847115829053,0.7478486864049475,1.223521960580991,2.210667369360591,0,1,-0.6628573911803364
0.6388709868139684,M,Widowed,High,0.8852841919423989,1.1321491419059484,1.223521960580991,0.35140128915824353,0,1,-0.1100456785022045
-1.2646796776887634,F,Married,Medium,1.7518950367550072,1.1321491419059484,-1.223521960580991,0.35140128915824353,1,1,0.8979671280699347
-0.5426432187394513,M,Single,Medium,-1.157546836784606,-1.5579540466010575,-1.223521960580991,-1.5078647910441039,0,0,2.064000418223347
-1.1990399996024623,F,Single,Medium,-0.20513508394475202,-0.02075222459705415,0.0,0.35140128915824353,0,1,-0.3236797924402894
-0.34572418448054804,M,Widowed,Medium,-1.1914662358531605,-1.1736535911000565,0.0,0.35140128915824353,0,1,-0.6939289230999965
-0.01752579404904259,M,Divorced,High,-0.35844968404774696,-0.02075222459705415,1.223521960580991,0.35140128915824353,0,1,-0.6090084725755539
-1.5272383900339677,F,Single,High,0.33845579673496884,0.36354823090394667,1.223521960580991,0.35140128915824353,0,1,0.0506113684704944
-0.6082828968257524,F,Married,High,-1.486527078709092,-1.5579540466010575,0.0,0.35140128915824353,0,1,-0.9972702681899037
1.6234661581084848,M,Married,Low,0.2627331766098811,0.7478486864049475,0.0,0.35140128915824353,0,1,-0.5053118491547746
1.2952677676769793,F,Single,High,0.2622184253460613,-0.02075222459705415,1.223521960580991,2.210667369360591,0,1,0.5460962097992192
-0.14880515022164478,M,Widowed,Low,0.3529501086372665,-0.02075222459705415,0.0,0.35140128915824353,1,1,0.714953914300545
-0.08316547213534368,M,Widowed,Medium,-1.2226899638296054,-1.1736535911000565,1.223521960580991,0.35140128915824353,0,1,-0.8392025155438437
-1.3959590338613654,M,Single,High,1.4553983087947355,1.1321491419059484,-1.223521960580991,0.35140128915824353,0,1,0.5530920313876215
0.7045106649002695,F,Married,High,-1.2469645497444815,-1.5579540466010575,0.0,0.35140128915824353,0,1,1.2319388271414948
1.2296280895906782,F,Divorced,High,-1.0758233006102493,-1.1736535911000565,0.0,0.35140128915824353,0,1,-0.15588091499018172
1.5578264800221837,F,Married,High,-0.9499666166062801,-0.7893531355990558,1.223521960580991,-1.5078647910441039,0,0,-0.7589501477729838
-0.14880515022164478,M,Divorced,High,1.5373792206010022,1.5164495974069492,-1.223521960580991,0.35140128915824353,0,1,0.22792988542738304
0.31067259638246286,M,Divorced,Medium,0.6275292696275212,1.1321491419059484,1.223521960580991,2.210667369360591,0,1,-0.409857600088053
-0.01752579404904259,M,Single,High,2.0320145468742714,1.5164495974069492,0.0,0.35140128915824353,0,1,0.739346152295262
-0.34572418448054804,F,Widowed,Low,-1.6312263681860486,-1.5579540466010575,-1.223521960580991,0.35140128915824353,0,1,-2.3437453349883204
0.5075916306413661,M,Divorced,Low,-1.2602668060884592,-1.5579540466010575,1.223521960580991,2.210667369360591,0,1,1.108156902820577
0.7701503429865705,F,Married,High,-1.1069928442431343,-1.5579540466010575,1.223521960580991,2.210667369360591,0,1,2.5344221509786076
-0.14880515022164478,F,Widowed,Low,-1.1862509927855114,-0.7893531355990558,0.0,0.35140128915824353,1,1,-1.4918517451693756
0.1137535621235596,F,Widowed,High,0.5433945301647451,0.7478486864049475,0.0,0.35140128915824353,0,1,-0.1322193717027672
0.24503291829616178,F,Married,Medium,1.2181386144314243,1.5164495974069492,0.0,0.35140128915824353,0,1,-0.1021412404462396
0.5075916306413661,F,Single,Low,-0.06772358867661478,-0.40505268009805495,0.0,0.35140128915824353,0,1,0.6991219288680525
1.689105836194786,M,Widowed,High,0.8819654008993494,1.1321491419059484,0.0,0.35140128915824353,1,1,-0.11390598545976884
1.689105836194786,M,Divorced,Low,-0.22061826011701957,-0.40505268009805495,-1.223521960580991,-1.5078647910441039,0,0,0.34343797270455984
-0.21444482830794587,M,Married,High,-0.6079008557120562,-0.40505268009805495,0.0,0.35140128915824353,0,1,-0.5575104021261541
-1.1990399996024623,M,Divorced,Low,0.4871511815494744,0.36354823090394667,1.223521960580991,2.210667369360591,1,1,0.28122137920890494
1.0327090553317748,F,Married,Medium,0.87996058018763,0.36354823090394667,-1.223521960580991,0.35140128915824353,1,1,0.8904250861773327
1.5578264800221837,F,Married,Low,-0.21389940151558062,-0.02075222459705415,1.223521960580991,0.35140128915824353,0,1,-0.3399907710626182
-1.06776064342986,F,Widowed,Low,1.2871559220409627,1.5164495974069492,0.0,0.35140128915824353,0,1,-0.030782459679654935
-1.6585177462065699,M,Married,Low,-1.37576073438658,-0.7893531355990558,0.0,0.35140128915824353,0,1,-2.079668826381067
-0.41136386256684915,M,Widowed,Low,1.6160413413642194,1.5164495974069492,1.223521960580991,0.35140128915824353,0,1,0.309260688157816
0.7045106649002695,F,Married,High,0.4985705319547423,0.36354823090394667,-1.223521960580991,-1.5078647910441039,0,0,0.2989315221489137
-0.5426432187394513,M,Widowed,Medium,1.1905045992158287,1.1321491419059484,-1.223521960580991,-1.5078647910441039,0,0,0.24497651075427737
-0.34572418448054804,M,Widowed,Medium,-0.6232756631972035,0.36354823090394667,0.0,0.35140128915824353,0,1,-1.440927206039385
1.4921868019358826,M,Single,Low,0.47244013227293696,-0.02075222459705415,0.0,0.35140128915824353,1,1,0.9373328052241329
-1.4615987119476666,F,Widowed,Low,-0.11215475039580743,-0.02075222459705415,1.223521960580991,0.35140128915824353,0,1,-0.15063720006986592
1.098348733418076,M,Widowed,Medium,0.11369913964812556,1.1321491419059484,-1.223521960580991,0.35140128915824353,1,1,-1.0075276552485746
-1.5928780681202688,F,Widowed,Medium,2.8703682565203437,1.5164495974069492,-1.223521960580991,-1.5078647910441039,0,0,1.606141752464677
-0.34572418448054804,M,Single,Medium,1.8386712629663329,1.5164495974069492,1.223521960580991,-1.5078647910441039,1,0,0.5394435266070451
0.7045106649002695,F,Divorced,Medium,-0.006224358736024738,0.36354823090394667,-1.223521960580991,0.35140128915824353,0,1,-0.4839492330817388
-1.3959590338613654,M,Divorced,Low,-0.3775090268949739,0.7478486864049475,0.0,0.35140128915824353,0,1,-1.3564071169906584
-0.6082828968257524,M,Single,Medium,1.1685328479022528,0.7478486864049475,-1.223521960580991,-1.5078647910441039,0,0,0.6987977981380878
1.4921868019358826,F,Widowed,Low,-0.6886084354446629,-0.40505268009805495,1.223521960580991,0.35140128915824353,0,1,-0.7452631274581367
1.4265471238495815,F,Widowed,Low,0.4838052983346449,0.7478486864049475,1.223521960580991,0.35140128915824353,0,1,-0.2114333206535554
-1.002120965343559,F,Married,Medium,-1.1828915634847919,-1.5579540466010575,0.0,0.35140128915824353,1,1,1.8281592976485632
1.2952677676769793,M,Divorced,High,-0.22481754674291907,0.36354823090394667,0.0,0.35140128915824353,0,1,-0.8229629657305259
0.9670693772454738,F,Widowed,Low,1.0782752776171973,0.7478486864049475,1.223521960580991,0.35140128915824353,0,1,0.578815406262866
0.31067259638246286,M,Widowed,Medium,0.2926564803408861,0.36354823090394667,-1.223521960580991,-1.5078647910441039,1,0,-0.02041827954868873
0.1137535621235596,F,Divorced,Low,0.3044144828934042,-0.02075222459705415,0.0,0.35140128915824353,0,1,0.6246258827645269
1.163988411504377,M,Widowed,High,-0.39429262731268117,-0.40505268009805495,0.0,0.35140128915824353,0,1,-0.06058648038059521
0.376312274468764,M,Single,Medium,-1.3510120354655542,-1.5579540466010575,-1.223521960580991,-1.5078647910441039,0,0,0.26374232947451887
-0.34572418448054804,M,Widowed,Low,0.6381087627076094,0.36354823090394667,-1.223521960580991,0.35140128915824353,0,1,0.5153398049781358
-1.2646796776887634,F,Widowed,High,-1.4227250141672025,-1.1736535911000565,-1.223521960580991,-1.5078647910441039,0,0,-1.7698988884801952
-1.06776064342986,M,Divorced,High,0.3897141857427203,0.36354823090394667,1.223521960580991,2.210667369360591,0,1,0.13010743120476997
0.1137535621235596,F,Single,Low,-0.6815915629536441,-1.1736535911000565,0.0,0.35140128915824353,1,1,1.678347874985212
1.4265471238495815,M,Married,Medium,-1.0949368278010363,-1.1736535911000565,-1.223521960580991,-1.5078647910441039,0,0,-0.24480978220851948
0.6388709868139684,M,Divorced,Medium,1.5742516663935764,1.5164495974069492,0.0,0.35140128915824353,0,1,0.2660532615307478
-0.41136386256684915,M,Married,Low,0.06787273108226287,1.1321491419059484,0.0,0.35140128915824353,0,1,-1.0608314039728193
-0.8708416091709568,M,Married,High,-0.7636537512752507,-0.40505268009805495,1.223521960580991,2.210667369360591,0,1,-0.9198435400696149
-0.47700354065315026,F,Single,High,0.09415213770885868,0.36354823090394667,0.0,0.35140128915824353,0,1,-0.3282764463848615
1.5578264800221837,M,Married,High,-0.968741491649817,-0.7893531355990558,-1.223521960580991,0.35140128915824353,0,1,-0.8171856355899534
-1.002120965343559,M,Single,High,1.4164126736033218,0.7478486864049475,1.223521960580991,0.35140128915824353,0,1,1.0283126996726346
0.5732313087276673,F,Widowed,Low,-0.34858813351982865,-0.40505268009805495,1.223521960580991,2.210667369360591,1,1,0.045737402679174935
0.5075916306413661,M,Single,High,1.4331149975056896,1.5164495974069492,1.223521960580991,0.35140128915824353,1,1,0.12012840641650907
1.163988411504377,F,Divorced,Low,0.36511449376648425,-0.02075222459705415,0.0,0.35140128915824353,0,1,0.7375926450622932
-1.4615987119476666,F,Married,Medium,1.5977134871550522,1.5164495974069492,-1.223521960580991,0.35140128915824353,1,1,0.2903110452967387
-0.8708416091709568,M,Single,Medium,-1.1852485824296515,-1.5579540466010575,-1.223521960580991,0.35140128915824353,1,1,1.8062264515876272
0.7045106649002695,M,Divorced,High,1.0305930552844051,1.5164495974069492,-1.223521960580991,-1.5078647910441039,1,0,-0.2960494484370868
-1.5928780681202688,F,Single,High,0.12906040104738292,-0.02075222459705415,0.0,0.35140128915824353,0,1,0.2982802594785218
1.5578264800221837,F,Married,High,-1.4823006999114128,-1.5579540466010575,0.0,0.35140128915824353,0,1,-0.9579424062875347
-1.6585177462065699,F,Married,Medium,0.45950362024798885,0.36354823090394667,0.0,0.35140128915824353,0,1,0.2383430853292383
0.9014296991591727,F,Divorced,Low,0.5045985401757914,0.36354823090394667,0.0,0.35140128915824353,0,1,0.30828029274002183
-0.08316547213534368,F,Divorced,Low,-0.8870721398190203,-0.7893531355990558,0.0,0.35140128915824353,1,1,-0.5638654652807833
0.7045106649002695,F,Divorced,Low,-0.26156807776248286,-0.02075222459705415,0.0,0.35140128915824353,0,1,-0.4287053518539239
0.6388709868139684,F,Divorced,High,2.4539073919182517,1.5164495974069492,1.223521960580991,0.35140128915824353,1,1,1.1755520849695082
-1.3303193557750645,F,Divorced,Low,0.849779900824715,1.5164495974069492,1.223521960580991,0.35140128915824353,0,1,-0.48299684896159567
-1.2646796776887634,M,Married,High,0.9376804521649105,-0.02075222459705415,1.223521960580991,-1.5078647910441039,0,0,1.803176021273405
-1.4615987119476666,F,Widowed,Medium,-0.8416521138298578,-1.1736535911000565,1.223521960580991,0.35140128915824353,1,1,0.9336395156288142
0.5732313087276673,M,Divorced,Low,1.7480750405340275,1.5164495974069492,1.223521960580991,0.35140128915824353,0,1,0.44577374726123137
0.9670693772454738,M,Widowed,High,1.1147684330048515,1.5164495974069492,0.0,0.35140128915824353,0,1,-0.2090183466346221
0.5075916306413661,F,Divorced,Low,1.758668079700006,1.5164495974069492,-1.223521960580991,0.35140128915824353,0,1,0.4567261646428746
0.1793932402098607,F,Divorced,Medium,-1.089965414279407,-0.40505268009805495,-1.223521960580991,0.35140128915824353,0,1,-1.678953207830967
-1.3959590338613654,M,Divorced,Low,-1.1118017047340836,-0.40505268009805495,-1.223521960580991,-1.5078647910441039,0,0,-1.7297516961215267
0.048113884037258504,M,Married,Low,-1.2510690137691507,-0.7893531355990558,0.0,0.35140128915824353,0,1,-1.6929028340612944
0.4419519525550651,F,Widowed,Medium,0.11713984546418495,0.36354823090394667,-1.223521960580991,-1.5078647910441039,0,0,-0.29262506729922017
1.2952677676769793,F,Married,High,1.4448865461440976,1.1321491419059484,-1.223521960580991,0.35140128915824353,0,1,0.5408650999628469
1.689105836194786,F,Single,High,0.06036819949920415,0.36354823090394667,0.0,0.35140128915824353,1,1,-0.3806715786415433
-1.06776064342986,F,Divorced,High,1.0038259895657695,1.5164495974069492,-1.223521960580991,0.35140128915824353,1,1,-0.3237246105165317
-1.3303193557750645,M,Divorced,Low,1.4975266359126287,1.1321491419059484,1.223521960580991,0.35140128915824353,0,1,0.6020942952162943
0.5075916306413661,M,Widowed,Low,-1.1903825489819606,-1.5579540466010575,-1.223521960580991,0.35140128915824353,0,1,1.7584531834434032
-1.1990399996024623,M,Married,High,-0.9899004778099936,-0.7893531355990558,1.223521960580991,2.210667369360591,0,1,-0.8828161059868557
0.31067259638246286,M,Married,High,1.190572329645279,1.1321491419059484,0.0,0.35140128915824353,0,1,0.24505529252892183
-1.1334003215161612,M,Married,Low,0.5043005262862114,-0.40505268009805495,-1.223521960580991,0.35140128915824353,0,1,2.029840640737635
-0.34572418448054804,M,Divorced,High,1.0843574701818066,0.36354823090394667,0.0,0.35140128915824353,1,1,1.2074219388722296
-1.1990399996024623,M,Widowed,High,-0.8333483631792892,-1.1736535911000565,1.223521960580991,0.35140128915824353,0,1,0.9722740979143145
-1.4615987119476666,F,Single,Low,0.026110148283399814,0.36354823090394667,1.223521960580991,0.35140128915824353,0,1,-0.4338020074615707
-0.280084506394247,F,Single,Medium,-0.8366129698787785,-1.1736535911000565,-1.223521960580991,0.35140128915824353,0,1,0.957084971762919
0.1137535621235596,F,Married,Low,-1.4657473829538354,-1.1736535911000565,1.223521960580991,0.35140128915824353,0,1,-1.970067621496099
1.2296280895906782,F,Widowed,High,-1.249362206947011,-0.7893531355990558,0.0,0.35140128915824353,0,1,-1.6876086988052064
-1.4615987119476666,M,Married,High,-0.44328881997680303,-0.02075222459705415,-1.223521960580991,0.35140128915824353,1,1,-0.7668997540464112
0.8357900210728716,M,Married,Medium,-0.2270661970006585,-0.40505268009805495,-1.223521960580991,0.35140128915824353,0,1,0.3284379228123101
-0.34572418448054804,F,Married,Medium,-1.102929018476135,-1.1736535911000565,1.223521960580991,-1.5078647910441039,1,0,-0.281994779840567
-1.1990399996024623,M,Single,Low,-0.9374229410721422,-1.1736535911000565,1.223521960580991,-1.5078647910441039,0,0,0.48804979824139555
-0.41136386256684915,M,Single,Medium,-0.7463012152501635,-0.7893531355990558,0.0,0.35140128915824353,0,1,-0.12722535749294267
0.376312274468764,M,Married,High,1.1501508093495254,1.5164495974069492,0.0,0.35140128915824353,0,1,-0.17243559190207638
-1.6585177462065699,M,Widowed,High,-1.230533147559914,-1.1736535911000565,0.0,0.35140128915824353,0,1,-0.8756942335590224
-1.3303193557750645,F,Single,High,1.1828239685162005,1.1321491419059484,1.223521960580991,0.35140128915824353,0,1,0.23604265750962924
0.1137535621235596,F,Married,High,2.385242282541853,1.5164495974069492,1.223521960580991,2.210667369360591,0,1,1.1045574510723895
1.163988411504377,F,Single,Medium,-0.2941057760702575,-0.7893531355990558,0.0,0.35140128915824353,0,1,1.275384349798599
0.31067259638246286,F,Divorced,High,1.1629789526873537,0.7478486864049475,0.0,0.35140128915824353,0,1,0.6914148204000065
-1.06776064342986,M,Divorced,High,0.7524377276191908,0.36354823090394667,-1.223521960580991,-1.5078647910441039,0,0,0.6926513191106115
-0.41136386256684915,F,Single,High,-1.1826883721964419,-1.1736535911000565,0.0,0.35140128915824353,0,1,-0.6530884511244593
-1.1990399996024623,M,Married,Low,1.172366390209122,0.7478486864049475,-1.223521960580991,-1.5078647910441039,0,0,0.7038938535036422
-0.280084506394247,F,Single,Low,-0.11797956732850641,-0.7893531355990558,1.223521960580991,0.35140128915824353,0,1,1.8216886878911223
0.7701503429865705,M,Widowed,High,0.617559350412483,0.36354823090394667,0.0,0.35140128915824353,0,1,0.4834699510754151
0.1793932402098607,F,Married,Medium,1.1982665064307976,0.7478486864049475,-1.223521960580991,0.35140128915824353,0,1,0.738323739930991
-1.1334003215161612,M,Married,Medium,-1.4409444996892498,-1.1736535911000565,0.0,0.35140128915824353,1,1,-1.854668077997321
1.163988411504377,M,Married,Low,0.13861039159983163,0.36354823090394667,-1.223521960580991,-1.5078647910441039,0,0,-0.2593266372162847
1.3609074457632804,M,Married,Low,1.2108508202226054,1.5164495974069492,0.0,0.35140128915824353,1,1,-0.10967627951442872
-1.6585177462065699,M,Widowed,Medium,-0.23969114905013633,-0.02075222459705415,0.0,0.35140128915824353,0,1,-0.38799093071781726
0.9670693772454738,M,Single,Low,0.8021383167495927,0.7478486864049475,0.0,0.35140128915824353,0,1,0.2117373545779793
1.689105836194786,M,Single,Low,1.5837745647742445,0.36354823090394667,1.223521960580991,0.35140128915824353,1,1,1.9819623302272196
0.8357900210728716,M,Divorced,High,0.812948093289811,0.7478486864049475,0.0,0.35140128915824353,0,1,0.22610715027307549
-0.01752579404904259,M,Married,Medium,-1.0765276970765292,-1.5579540466010575,0.0,0.35140128915824353,0,1,2.8179104888581845
-1.002120965343559,M,Divorced,High,-0.2924125153340078,-0.7893531355990558,-1.223521960580991,-1.5078647910441039,0,0,1.2806364681082105
1.689105836194786,F,Widowed,Low,0.3844041200738414,0.36354823090394667,-1.223521960580991,-1.5078647910441039,0,0,0.12187210969529985
0.5732313087276673,F,Single,Low,1.477830627028572,0.7478486864049475,1.223521960580991,0.35140128915824353,0,1,1.1099576290981576
-0.14880515022164478,F,Single,Low,-0.4126069354359581,-0.7893531355990558,-1.223521960580991,0.35140128915824353,0,1,0.9078201020187651
0.4419519525550651,F,Married,Low,-0.987529912779244,-1.1736535911000565,0.0,0.35140128915824353,0,1,0.25491877071437136
-0.41136386256684915,F,Single,Medium,0.08713526521784005,-0.02075222459705415,0.0,0.35140128915824353,0,1,0.22025478987093786
0.048113884037258504,M,Widowed,Medium,1.5853323646515944,1.5164495974069492,-1.223521960580991,-1.5078647910441039,1,0,0.27750988227011325
-0.7395622529983547,F,Widowed,Medium,0.3836049010063313,1.5164495974069492,1.223521960580991,0.35140128915824353,0,1,-0.9649872476468268
0.4419519525550651,F,Married,Medium,-0.6924013394938622,-0.40505268009805495,1.223521960580991,2.210667369360591,1,1,-0.7540866862182835
1.689105836194786,M,Divorced,High,1.4984071314954786,1.1321491419059484,-1.223521960580991,0.35140128915824353,1,1,0.6031184582866687
-1.2646796776887634,F,Married,High,-0.7470327038882233,-0.7893531355990558,-1.223521960580991,-1.5078647910441039,0,0,-0.1294942726026948
0.5075916306413661,F,Widowed,High,-1.1712825678770638,-1.1736535911000565,0.0,0.35140128915824353,1,1,-0.6000210477241472
1.2296280895906782,M,Single,Low,-1.4011054610867661,-1.1736535911000565,1.223521960580991,0.35140128915824353,0,1,-1.6693103186145206
1.6234661581084848,F,Single,Medium,-1.164170872784815,-1.1736535911000565,-1.223521960580991,0.35140128915824353,0,1,-0.5669327023735967
1.2952677676769793,F,Single,Medium,0.8253427618791591,0.7478486864049475,0.0,0.35140128915824353,0,1,0.2425837957129419
1.0327090553317748,M,Widowed,Medium,-0.6544316607441985,-0.40505268009805495,0.0,0.35140128915824353,0,1,-0.6657565604872416
-1.3959590338613654,M,Divorced,High,0.555396362263283,0.7478486864049475,1.223521960580991,0.35140128915824353,0,1,-0.1162649368833998
0.24503291829616178,M,Married,Low,0.5991231275161959,0.36354823090394667,1.223521960580991,-1.5078647910441039,0,0,0.45487741899789097
0.1137535621235596,M,Divorced,Low,0.5424598502383352,-0.02075222459705415,-1.223521960580991,0.35140128915824353,1,1,1.067644163027559
-0.5426432187394513,F,Single,Low,-0.8718057010209929,-0.7893531355990558,-1.223521960580991,-1.5078647910441039,0,0,-0.5165123666013284
0.6388709868139684,F,Married,High,0.6223546648175422,1.1321491419059484,1.223521960580991,0.35140128915824353,1,1,-0.41587652767086736
-1.5272383900339677,F,Widowed,Medium,1.4763405575806723,1.5164495974069492,1.223521960580991,0.35140128915824353,1,1,0.16482043181909434
-0.34572418448054804,M,Widowed,High,0.15783228747773823,1.5164495974069492,0.0,0.35140128915824353,0,1,-1.1984193966236019
1.2952677676769793,F,Divorced,Medium,-1.4249872105108323,-1.5579540466010575,1.223521960580991,0.35140128915824353,0,1,-0.42462130465637
-0.6739225749120535,M,Married,Low,1.8626749271634087,1.1321491419059484,0.0,0.35140128915824353,0,1,1.0268225986779367
0.7045106649002695,F,Single,Medium,2.292736061999058,1.5164495974069492,-1.223521960580991,-1.5078647910441039,0,0,1.008912875242162
1.0327090553317748,M,Divorced,Low,1.7306683201653805,1.5164495974069492,1.223521960580991,0.35140128915824353,0,1,0.4277764885202972
-1.3959590338613654,F,Widowed,Low,1.3590585459450715,1.1321491419059484,-1.223521960580991,-1.5078647910441039,0,0,0.44103283513375613
1.5578264800221837,F,Married,Low,0.10794205314487651,-0.02075222459705415,0.0,0.35140128915824353,0,1,0.258977607744039
1.6234661581084848,M,Married,Medium,0.6228829621672519,0.7478486864049475,-1.223521960580991,0.35140128915824353,0,1,-0.026552753734314462
-0.8052019310846557,M,Widowed,High,0.8656288213160125,0.7478486864049475,0.0,0.35140128915824353,0,1,0.2961373952082009
0.31067259638246286,M,Single,Low,1.4634446838133943,1.5164495974069492,1.223521960580991,-1.5078647910441039,0,0,0.1514870541370943
1.2952677676769793,F,Single,Medium,-0.5446541806916565,-0.40505268009805495,-1.223521960580991,0.35140128915824353,0,1,-0.4103775598007044
-0.14880515022164478,F,Widowed,Low,1.634626571205296,1.1321491419059484,1.223521960580991,0.35140128915824353,0,1,0.7615643634510207
0.5732313087276673,M,Widowed,Medium,-0.14662953898585185,1.5164495974069492,0.0,0.35140128915824353,1,1,-1.5132103596284616
0.6388709868139684,M,Single,High,0.28355351062280787,-0.02075222459705415,0.0,0.35140128915824353,0,1,0.5858022242198807
-1.06776064342986,M,Divorced,Low,-1.1231668707957918,-0.7893531355990558,1.223521960580991,0.35140128915824353,0,1,-1.2961788254264992
0.048113884037258504,M,Divorced,Low,-0.10714269861650819,-0.40505268009805495,0.0,0.35140128915824353,1,1,0.6074199431822404
0.048113884037258504,F,Married,Low,-1.3479506200544147,-1.5579540466010575,0.0,0.35140128915824353,0,1,0.2922298191858501
-0.21444482830794587,M,Married,High,0.3013124292245948,-0.02075222459705415,-1.223521960580991,0.35140128915824353,1,1,0.6188527543186019
-0.8708416091709568,M,Divorced,Medium,1.6213107687754285,1.5164495974069492,-1.223521960580991,0.35140128915824353,0,1,0.3147088855509859
-0.6739225749120535,F,Married,Low,-1.566340616772959,-1.5579540466010575,1.223521960580991,0.35140128915824353,0,1,-1.739961814115411
0.5732313087276673,F,Divorced,Low,0.3212387215687816,-0.02075222459705415,0.0,0.35140128915824353,0,1,0.655936911279105
0.048113884037258504,M,Married,High,-0.8699363411681732,-0.7893531355990558,-1.223521960580991,0.35140128915824353,0,1,-0.5107140279875177
1.689105836194786,F,Divorced,Medium,0.5705815245459707,0.7478486864049475,1.223521960580991,-1.5078647910441039,0,0,-0.09607879531171662
0.8357900210728716,M,Married,High,-0.8871263241625804,-0.7893531355990558,0.0,0.35140128915824353,0,1,-0.5640335330666914
1.3609074457632804,F,Married,High,-0.03781383103149947,-0.7893531355990558,-1.223521960580991,-1.5078647910441039,1,0,2.0703449771413576
-0.6082828968257524,F,Divorced,Low,-1.0639027450270515,-0.7893531355990558,1.223521960580991,0.35140128915824353,0,1,-1.1123546845901058
1.4265471238495815,M,Single,Medium,0.5516982808153137,1.1321491419059484,-1.223521960580991,0.35140128915824353,1,1,-0.4980616749796643
0.9670693772454738,F,Divorced,Low,1.1913850947986788,0.7478486864049475,0.0,0.35140128915824353,1,1,0.7291760504408796
-1.6585177462065699,M,Divorced,Low,-0.3271853178136322,0.7478486864049475,1.223521960580991,-1.5078647910441039,1,0,-1.2895101357785244
-1.002120965343559,M,Widowed,High,-1.3856087388286085,-1.5579540466010575,-1.223521960580991,0.35140128915824353,1,1,-0.05819151443141251
-0.9364812872572579,F,Single,High,-0.7758181364044685,-0.7893531355990558,-1.223521960580991,0.35140128915824353,0,1,-0.2187802838660858
-0.8052019310846557,F,Married,Low,-1.43896677114931,-1.1736535911000565,-1.223521960580991,-1.5078647910441039,0,0,-1.845466366718882
-1.1990399996024623,M,Single,High,-0.6942842454325721,-0.02075222459705415,-1.223521960580991,0.35140128915824353,0,1,-1.2340189548085883
0.31067259638246286,F,Single,High,-0.26120233344345295,0.7478486864049475,1.223521960580991,2.210667369360591,0,1,-1.2017967587975535
-1.2646796776887634,F,Single,Medium,-0.45059016027151183,-0.40505268009805495,0.0,0.35140128915824353,0,1,-0.19155330254906114
1.2952677676769793,F,Widowed,Low,1.6056379474007008,1.5164495974069492,0.0,0.35140128915824353,1,1,0.29850434985973195
0.31067259638246286,M,Widowed,Low,1.557562888577099,1.1321491419059484,0.0,0.35140128915824353,0,1,0.6719264602608858
-0.6739225749120535,F,Married,Medium,0.8972995701268272,0.36354823090394667,-1.223521960580991,-1.5078647910441039,1,0,0.9173159319225422
1.0327090553317748,F,Divorced,High,-1.6247513391306292,-1.5579540466010575,-1.223521960580991,-1.5078647910441039,0,0,-2.28349303374046
0.8357900210728716,M,Single,Medium,-0.8259115620256805,-0.7893531355990558,1.223521960580991,0.35140128915824353,0,1,-0.37415895193762555
1.163988411504377,F,Married,Medium,-0.4397532915595136,-1.1736535911000565,-1.223521960580991,0.35140128915824353,1,1,2.803540693163088
-0.47700354065315026,M,Married,Medium,-1.3928694408656475,-1.5579540466010575,1.223521960580991,0.35140128915824353,0,1,-0.12575476436625144
-1.1990399996024623,M,Widowed,High,-0.2793405424501598,0.36354823090394667,-1.223521960580991,0.35140128915824353,0,1,-0.9075220705152663
0.1793932402098607,M,Divorced,Medium,0.9734827571721747,1.1321491419059484,1.223521960580991,2.210667369360591,0,1,-0.007456051560567776
-1.5928780681202688,M,Divorced,Low,-0.2892562773216384,-0.40505268009805495,1.223521960580991,2.210667369360591,0,1,0.1837630718557584
1.0327090553317748,F,Widowed,High,0.4167657192650459,-0.02075222459705415,-1.223521960580991,0.35140128915824353,0,1,0.8337190152121218
-1.5272383900339677,M,Single,Medium,-0.3052677508436157,-0.02075222459705415,1.223521960580991,0.35140128915824353,0,1,-0.5100333534545921
1.6234661581084848,M,Widowed,Medium,0.4915672055496137,1.1321491419059484,-1.223521960580991,-1.5078647910441039,0,0,-0.5680041345087571
0.1793932402098607,M,Married,Medium,-1.4527431404994375,-1.1736535911000565,0.0,0.35140128915824353,0,1,-1.9095632185693776
-0.7395622529983547,F,Widowed,Medium,0.8224438994986994,1.1321491419059484,-1.223521960580991,0.35140128915824353,0,1,-0.18313940901706405
0.7701503429865705,M,Divorced,Medium,1.5463873677178508,1.1321491419059484,1.223521960580991,0.35140128915824353,0,1,0.658927467444598
0.1137535621235596,M,Single,Medium,0.6102444640318844,1.5164495974069492,1.223521960580991,0.35140128915824353,1,1,-0.7306587371452109
0.7045106649002695,M,Married,Low,0.4338879718300032,0.36354823090394667,-1.223521960580991,0.35140128915824353,0,1,0.19861606243533914
0.376312274468764,M,Married,High,-0.2799365702293198,0.7478486864049475,0.0,0.35140128915824353,1,1,-1.2267008032164985
0.24503291829616178,M,Divorced,Low,-1.3559969950730735,-1.1736535911000565,-1.223521960580991,-1.5078647910441039,1,0,-1.4594356709624552
1.6234661581084848,M,Widowed,Medium,-1.2713204121746975,-1.5579540466010575,1.223521960580991,0.35140128915824353,0,1,1.00529941784515
1.3609074457632804,M,Married,Medium,-1.4946547302430906,-1.5579540466010575,0.0,0.35140128915824353,1,1,-1.0729007718483057
0.24503291829616178,M,Widowed,Medium,-1.6995121871575272,-1.5579540466010575,1.223521960580991,0.35140128915824353,0,1,-2.9791676165583274
1.6234661581084848,M,Married,Low,-0.3236226972245626,-0.7893531355990558,-1.223521960580991,-1.5078647910441039,0,0,1.1838294234254558
0.5075916306413661,M,Divorced,Medium,-0.6874705642299032,-0.40505268009805495,-1.223521960580991,0.35140128915824353,0,1,-0.7426160598300929
-0.8708416091709568,M,Married,Low,-1.0395333365109451,-1.1736535911000565,-1.223521960580991,-1.5078647910441039,1,0,0.012964184427200815
0.4419519525550651,M,Married,High,0.2708472820579898,0.7478486864049475,0.0,0.35140128915824353,0,1,-0.4945254987520646
1.0327090553317748,F,Single,Low,-0.028737953485201206,-0.02075222459705415,1.223521960580991,2.210667369360591,0,1,0.004607013772946901
-0.6082828968257524,F,Married,Low,-1.1851537598284214,-1.5579540466010575,-1.223521960580991,-1.5078647910441039,0,0,1.8071088074636419
-1.5272383900339677,M,Divorced,High,0.23041221567634654,1.5164495974069492,-1.223521960580991,-1.5078647910441039,0,0,-1.1233771302158762
-1.1334003215161612,F,Married,Medium,1.12456225310332,1.5164495974069492,1.223521960580991,2.210667369360591,0,1,-0.1988922625336915
1.689105836194786,F,Divorced,Low,0.4069854452524675,0.7478486864049475,0.0,0.35140128915824353,0,1,-0.3135525078551741
-1.002120965343559,F,Widowed,High,-0.17850347908501657,-0.02075222459705415,-1.223521960580991,-1.5078647910441039,1,0,-0.2741166023761501
1.4921868019358826,M,Divorced,Low,-0.18190354664340602,0.36354823090394667,-1.223521960580991,0.35140128915824353,1,1,-0.7564081225111321
0.048113884037258504,F,Widowed,Low,0.5297671677594075,0.36354823090394667,1.223521960580991,0.35140128915824353,0,1,0.34731403601705296
0.1137535621235596,F,Married,High,1.9088941722200816,1.1321491419059484,1.223521960580991,0.35140128915824353,0,1,1.080583281695118
-1.5928780681202688,M,Divorced,Low,0.42347103178059486,1.1321491419059484,0.0,0.35140128915824353,0,1,-0.6472113307360043
-1.6585177462065699,F,Single,High,-0.6890419101931429,-0.40505268009805495,0.0,0.35140128915824353,0,1,-0.7462715341735823
-1.3303193557750645,F,Divorced,Low,-0.1437035844336122,0.36354823090394667,-1.223521960580991,0.35140128915824353,0,1,-0.697164227978717
-0.08316547213534368,F,Widowed,Medium,0.9561708594047575,0.36354823090394667,-1.223521960580991,0.35140128915824353,0,1,1.0086187566168243
0.5732313087276673,F,Widowed,High,0.18709183300013363,-0.02075222459705415,-1.223521960580991,0.35140128915824353,0,1,0.40628061870272036
-0.6739225749120535,M,Single,Medium,-1.0737913877267498,-1.5579540466010575,0.0,0.35140128915824353,0,1,2.8433727584231794
-1.4615987119476666,F,Divorced,Low,0.23715816644956547,0.36354823090394667,-1.223521960580991,-1.5078647910441039,0,0,-0.10648999440659733
1.3609074457632804,M,Married,Medium,0.543895735342675,0.7478486864049475,-1.223521960580991,0.35140128915824353,0,1,-0.1315531029800627
0.7701503429865705,F,Divorced,High,1.3076511499925296,1.1321491419059484,1.223521960580991,0.35140128915824353,0,1,0.38123746817883164
1.163988411504377,F,Divorced,Low,-1.5222210150292363,-1.5579540466010575,0.0,0.35140128915824353,0,1,-1.3294142300897192
-0.41136386256684915,F,Divorced,High,1.7886184756027907,1.5164495974069492,-1.223521960580991,-1.5078647910441039,0,0,0.4876926541963423
-0.08316547213534368,F,Single,Low,-1.6116658201608915,-1.5579540466010575,1.223521960580991,-1.5078647910441039,0,0,-2.161727922850433
-1.2646796776887634,F,Single,Medium,0.6941353739486404,1.1321491419059484,1.223521960580991,-1.5078647910441039,0,0,-0.3323836029029773
-0.34572418448054804,M,Single,Medium,1.4188374229776313,1.5164495974069492,1.223521960580991,0.35140128915824353,1,1,0.10536645255429462
-1.2646796776887634,M,Single,High,1.6177075099286893,1.5164495974069492,1.223521960580991,-1.5078647910441039,0,0,0.3109833829633691
0.1793932402098607,M,Single,High,-0.4653418478057196,-0.02075222459705415,0.0,0.35140128915824353,0,1,-0.8079419073650377
1.689105836194786,F,Married,Low,-1.2980603857215531,-1.5579540466010575,1.223521960580991,0.35140128915824353,1,1,0.7564750608090074
-1.2646796776887634,M,Divorced,High,-0.5456024067039564,-0.40505268009805495,-1.223521960580991,-1.5078647910441039,0,0,-0.4125834494907412
-1.5272383900339677,F,Divorced,High,0.5868503736998579,0.7478486864049475,1.223521960580991,0.35140128915824353,0,1,-0.07445207271796883
0.1793932402098607,M,Married,Medium,1.6577361937336323,1.5164495974069492,0.0,0.35140128915824353,0,1,0.3523700752431053
0.1793932402098607,M,Married,High,0.26565913116212075,-0.40505268009805495,0.0,0.35140128915824353,0,1,1.4746812311751074
0.8357900210728716,M,Married,High,-0.2478458927559153,-0.02075222459705415,-1.223521960580991,-1.5078647910441039,1,0,-0.40316745178527036
0.7701503429865705,F,Married,Low,0.15741235881514837,-0.02075222459705415,1.223521960580991,0.35140128915824353,0,1,0.3510451408642007
-1.3303193557750645,M,Single,Medium,-0.0354026277430799,-0.02075222459705415,-1.223521960580991,-1.5078647910441039,0,0,-0.007796388827030419
1.2952677676769793,F,Divorced,Medium,-0.9920272132947231,-1.1736535911000565,0.0,0.35140128915824353,1,1,0.23399433136888056
-1.06776064342986,M,Married,Low,-0.33513687023106076,-0.40505268009805495,0.0,0.35140128915824353,0,1,0.07702952356783896
0.7045106649002695,F,Widowed,Medium,0.2433080894436244,1.5164495974069492,-1.223521960580991,-1.5078647910441039,0,0,-1.1100437525338764
-0.8052019310846557,F,Married,Low,1.3741082473688593,1.5164495974069492,1.223521960580991,0.35140128915824353,0,1,0.05911980013206476
-0.280084506394247,F,Divorced,Low,-0.5006158554632737,-0.40505268009805495,0.0,0.35140128915824353,0,1,-0.3079297400534274
0.376312274468764,F,Widowed,High,-0.8520690538792661,-0.7893531355990558,0.0,0.35140128915824353,0,1,-0.4552936755845001
-0.5426432187394513,F,Married,High,-0.7909355682577061,-1.1736535911000565,0.0,0.35140128915824353,1,1,1.1696066870430286
0.6388709868139684,F,Single,Low,0.20886039302535997,-0.02075222459705415,0.0,0.35140128915824353,0,1,0.44679335849573765
1.2952677676769793,F,Single,High,1.202276147854237,1.1321491419059484,-1.223521960580991,-1.5078647910441039,0,0,0.25866878318743397
1.689105836194786,F,Widowed,High,0.31611830110236244,0.7478486864049475,0.0,0.35140128915824353,0,1,-0.43434522655530744
-1.1334003215161612,F,Single,Medium,1.826493331751225,1.5164495974069492,1.223521960580991,0.35140128915824353,1,1,0.526852448312804
-0.01752579404904259,F,Widowed,Medium,-1.6408440891679468,-1.5579540466010575,-1.223521960580991,0.35140128915824353,1,1,-2.4332414309840957
-0.280084506394247,M,Married,High,-1.053851549296673,-1.1736535911000565,0.0,0.35140128915824353,0,1,-0.05365368421190822
1.2952677676769793,F,Divorced,Low,-1.346555373207745,-1.1736535911000565,0.0,0.35140128915824353,0,1,-1.4155069534208669
0.7701503429865705,M,Widowed,Low,-0.3696929353364452,-0.40505268009805495,0.0,0.35140128915824353,1,1,-0.003359399279071146
-0.21444482830794587,M,Married,High,2.0904388153178317,1.1321491419059484,1.223521960580991,0.35140128915824353,0,1,1.2917499504513479
-0.6082828968257524,F,Widowed,High,1.5280324213369036,1.5164495974069492,0.0,0.35140128915824353,0,1,0.21826598773769781
-0.01752579404904259,M,Divorced,Low,-0.7928591124540858,-0.02075222459705415,0.0,0.35140128915824353,1,1,-1.4174733465159852
1.3609074457632804,F,Single,Medium,0.030444895768199164,0.7478486864049475,1.223521960580991,-1.5078647910441039,0,0,-0.8141003912343646
0.7701503429865705,F,Single,Medium,-0.43130053396415496,-0.7893531355990558,0.0,0.35140128915824353,0,1,0.8498367158806573
-1.5928780681202688,M,Widowed,Low,0.6995131700469696,0.7478486864049475,1.223521960580991,2.210667369360591,0,1,0.07531433178844273
-1.3303193557750645,F,Divorced,High,-1.5755113169204875,-1.5579540466010575,-1.223521960580991,0.35140128915824353,0,1,-1.8252982324099747
-1.2646796776887634,M,Married,Medium,-1.6686542035001122,-1.5579540466010575,-1.223521960580991,0.35140128915824353,0,1,-2.6920238043352613
-0.8708416091709568,M,Married,Low,-0.6225712667309237,-0.7893531355990558,-1.223521960580991,0.35140128915824353,0,1,0.25655743162697076
0.048113884037258504,M,Married,High,-1.2464227063088813,-1.5579540466010575,0.0,0.35140128915824353,0,1,1.2369808607187214
-1.002120965343559,M,Widowed,High,0.14438102418897067,0.36354823090394667,0.0,0.35140128915824353,0,1,-0.250377027616707
-0.7395622529983547,F,Single,Medium,-1.1853975893744415,-1.5579540466010575,-1.223521960580991,0.35140128915824353,0,1,1.8048398923538898
-1.1334003215161612,F,Widowed,High,-0.14587095817601203,-0.02075222459705415,1.223521960580991,-1.5078647910441039,0,0,-0.21338530793845353
-1.1990399996024623,F,Widowed,Low,0.7117994699491975,1.1321491419059484,-1.223521960580991,-1.5078647910441039,0,0,-0.3118373160757782
1.2952677676769793,M,Widowed,Low,-0.13106508629824437,1.1321491419059484,0.0,0.35140128915824353,0,1,-1.2922292324576716
-1.3303193557750645,F,Married,Low,-0.9633501494655979,-1.1736535911000565,-1.223521960580991,0.35140128915824353,0,1,0.36741914490624444
1.4265471238495815,M,Divorced,Low,2.645855428979521,1.5164495974069492,1.223521960580991,0.35140128915824353,1,1,1.3740121288286855
1.098348733418076,M,Widowed,High,0.9259495417841725,0.7478486864049475,1.223521960580991,2.210667369360591,0,1,0.3763237363488829
-1.4615987119476666,M,Married,Low,0.7831467043318159,0.36354823090394667,-1.223521960580991,0.35140128915824353,0,1,0.7402775279421667
-1.002120965343559,M,Widowed,Medium,-1.127325519164021,-1.1736535911000565,0.0,0.35140128915824353,0,1,-0.39550356074788523
1.6234661581084848,M,Widowed,High,0.3847834104787613,0.36354823090394667,1.223521960580991,0.35140128915824353,0,1,0.12246034694597649
0.1137535621235596,M,Married,High,-0.4683490788732991,-0.02075222459705415,0.0,0.35140128915824353,0,1,-0.8135385646357594
-0.01752579404904259,F,Divorced,High,-0.6127368083747853,-0.7893531355990558,-1.223521960580991,0.35140128915824353,0,1,0.28706173476919233
-1.4615987119476666,F,Divorced,Low,1.1872941768598995,0.7478486864049475,1.223521960580991,-1.5078647910441039,0,0,0.7237378570825851
-0.7395622529983547,F,Single,High,-1.0692534489536005,-1.1736535911000565,-1.223521960580991,0.35140128915824353,0,1,-0.1253135864282441
-0.47700354065315026,M,Widowed,Low,-0.8666581883827937,-1.1736535911000565,0.0,0.35140128915824353,0,1,0.8172945908343056
-1.3303193557750645,M,Single,Low,1.0581187018128806,1.1321491419059484,-1.223521960580991,-1.5078647910441039,0,0,0.09098965403478514
-1.3959590338613654,F,Married,High,-0.02028519588984258,0.36354823090394667,0.0,0.35140128915824353,0,1,-0.505756028303245
-0.5426432187394513,F,Widowed,High,0.3865579477303509,-0.02075222459705415,-1.223521960580991,0.35140128915824353,0,1,0.7775003408260432
-1.3303193557750645,F,Married,Low,-1.4982038047462702,-1.1736535911000565,-1.223521960580991,-1.5078647910441039,0,0,-2.1210765271340417
0.31067259638246286,M,Single,High,-0.02612355890843155,0.36354823090394667,-1.223521960580991,-1.5078647910441039,0,0,-0.5148106802690144
-0.08316547213534368,F,Married,High,0.39612148436868927,1.1321491419059484,0.0,0.35140128915824353,0,1,-0.6790234113373197
-1.4615987119476666,F,Married,Low,0.8109297264922013,1.5164495974069492,-1.223521960580991,0.35140128915824353,0,1,-0.5231650497935029
-1.3303193557750645,M,Divorced,Low,-0.7937125158651557,-0.7893531355990558,1.223521960580991,2.210667369360591,1,1,-0.2742846701620579
0.9670693772454738,M,Widowed,High,-0.2979528644630171,-0.02075222459705415,1.223521960580991,0.35140128915824353,0,1,-0.49641986279607997
0.7045106649002695,F,Widowed,Low,1.217000743216665,1.1321491419059484,1.223521960580991,0.35140128915824353,0,1,0.2757959409950768
1.5578264800221837,F,Widowed,Low,-0.9357296803358924,-0.7893531355990558,-1.223521960580991,0.35140128915824353,0,1,-0.7147903370257724
-0.08316547213534368,M,Married,Medium,1.1717026320005124,1.5164495974069492,1.223521960580991,0.35140128915824353,0,1,-0.15015260462049868
0.5075916306413661,M,Divorced,High,-0.8015421535095744,-0.7893531355990558,1.223521960580991,2.210667369360591,0,1,-0.2985704652257001
-0.47700354065315026,M,Single,High,-1.2572189367632096,-1.1736535911000565,0.0,0.35140128915824353,0,1,-0.9998543103982327
0.5075916306413661,M,Widowed,High,1.1212570081461604,1.5164495974069492,-1.223521960580991,-1.5078647910441039,0,0,-0.20230964084714523
-0.7395622529983547,F,Married,High,1.4231315322047606,1.1321491419059484,-1.223521960580991,-1.5078647910441039,0,0,0.5155603939471393
1.5578264800221837,F,Divorced,High,-0.9265183419306938,-1.1736535911000565,0.0,0.35140128915824353,1,1,0.5387852611122407
-1.1990399996024623,F,Divorced,Low,-0.20138281815322265,-0.40505268009805495,1.223521960580991,-1.5078647910441039,0,0,0.3881860207024478
1.163988411504377,F,Widowed,High,-0.18293304917104583,0.36354823090394667,0.0,0.35140128915824353,0,1,-0.7580047664772539
1.3609074457632804,F,Divorced,High,1.8588007465988692,1.5164495974069492,0.0,0.35140128915824353,0,1,0.5602559207619312
1.4921868019358826,M,Divorced,Medium,-0.8970962433776188,-1.1736535911000565,-1.223521960580991,-1.5078647910441039,0,0,0.6756764727339477
0.5075916306413661,M,Married,Low,-0.40637573592655923,-0.40505268009805495,1.223521960580991,2.210667369360591,0,1,-0.08869581757363484
-0.5426432187394513,F,Single,High,-1.3309096440047976,-1.1736535911000565,0.0,0.35140128915824353,1,1,-1.342712593649655
0.24503291829616178,M,Divorced,High,-0.8788767578555717,-0.7893531355990558,1.223521960580991,0.35140128915824353,0,1,-0.538445212662265
-0.8708416091709568,F,Single,High,1.806147110744448,1.1321491419059484,1.223521960580991,0.35140128915824353,0,1,0.9610713295599135
1.3609074457632804,F,Divorced,High,-0.12831523086257487,0.36354823090394667,-1.223521960580991,-1.5078647910441039,0,0,-0.6732986023798436
0.4419519525550651,F,Divorced,Low,1.069714151334719,1.5164495974069492,1.223521960580991,-1.5078647910441039,0,0,-0.2556011346286671
0.5732313087276673,F,Divorced,Medium,0.398085666822739,0.36354823090394667,1.223521960580991,0.35140128915824353,1,1,0.14309066766612935
1.689105836194786,M,Widowed,Medium,-0.19642495071748367,-0.40505268009805495,0.0,0.35140128915824353,0,1,0.3997196725103536
-0.14880515022164478,F,Widowed,High,-0.9853354468650644,-0.7893531355990558,0.0,0.35140128915824353,0,1,-0.8686563950241437
-0.01752579404904259,F,Widowed,Medium,1.1034980895443731,0.36354823090394667,0.0,0.35140128915824353,0,1,1.237106911558152
1.3609074457632804,F,Single,Medium,0.29401108892988587,-0.02075222459705415,-1.223521960580991,-1.5078647910441039,1,0,0.6052644738279752
1.6234661581084848,M,Single,Medium,0.6209865101426524,1.5164495974069492,1.223521960580991,2.210667369360591,0,1,-0.7195522576264864
1.163988411504377,F,Widowed,Medium,-0.9361767011702623,-1.1736535911000565,-1.223521960580991,-1.5078647910441039,0,0,0.4938481368552068
1.0327090553317748,M,Single,Medium,-1.0692263567818205,-1.5579540466010575,1.223521960580991,0.35140128915824353,0,1,2.885851891311315
1.3609074457632804,M,Married,Low,0.057090046713824893,1.5164495974069492,-1.223521960580991,-1.5078647910441039,0,0,-1.302579406939812
-1.6585177462065699,F,Single,Low,1.7757226018355134,1.5164495974069492,-1.223521960580991,0.35140128915824353,1,1,0.47435927651434295
-0.8708416091709568,M,Married,Low,-0.7774707588830483,-0.02075222459705415,1.223521960580991,-1.5078647910441039,1,0,-1.388834595797337
-1.06776064342986,M,Widowed,Medium,-1.0431636875294648,-1.5579540466010575,0.0,0.35140128915824353,0,1,3.1283737063759243
-0.47700354065315026,F,Married,Low,-0.254497020927904,-0.02075222459705415,-1.223521960580991,-1.5078647910441039,0,0,-0.4155456442173618
-1.3959590338613654,F,Widowed,Medium,-0.4833852342111965,-0.7893531355990558,1.223521960580991,-1.5078647910441039,0,0,0.6882815566770154
-1.1990399996024623,M,Widowed,Medium,1.2497822710704594,1.1321491419059484,0.0,0.35140128915824353,0,1,0.3139263199228542
-1.4615987119476666,F,Widowed,Low,-0.26904551717376163,-0.02075222459705415,0.0,0.35140128915824353,0,1,-0.4426213645270697
1.4921868019358826,M,Single,High,-0.013038039938693584,-0.02075222459705415,1.223521960580991,0.35140128915824353,0,1,0.03382559835297671
-0.8708416091709568,F,Divorced,Medium,-0.40151269109205,0.36354823090394667,1.223521960580991,2.210667369360591,0,1,-1.0969974906528022
0.7701503429865705,F,Divorced,Medium,0.31637567673427247,0.7478486864049475,1.223521960580991,0.35140128915824353,0,1,-0.4340030885625668
1.2952677676769793,F,Married,Low,-0.19302488315909425,-0.40505268009805495,1.223521960580991,2.210667369360591,0,1,0.4076293626846281
1.4921868019358826,M,Divorced,Medium,0.8829813573410996,1.1321491419059484,0.0,0.35140128915824353,0,1,-0.11272425884010595
1.2952677676769793,M,Widowed,Medium,-1.6601878998188635,-1.5579540466010575,0.0,0.35140128915824353,0,1,-2.6132420296910928
-0.47700354065315026,M,Divorced,Medium,0.4332377597072833,-0.02075222459705415,-1.223521960580991,-1.5078647910441039,1,0,0.864374579361661
1.689105836194786,F,Married,Low,0.5156386001761397,-0.02075222459705415,1.223521960580991,0.35140128915824353,0,1,1.017728030613014
1.5578264800221837,M,Widowed,High,0.29926697025520516,0.36354823090394667,0.0,0.35140128915824353,1,1,-0.010166144608327224
-1.1990399996024623,F,Single,High,1.0802123678994675,1.5164495974069492,1.223521960580991,0.35140128915824353,0,1,-0.24474675678880384
0.048113884037258504,F,Widowed,Low,0.4009438909455284,0.36354823090394667,-1.223521960580991,-1.5078647910441039,0,0,0.1475234555194408
1.5578264800221837,M,Widowed,Medium,1.1385689059135777,0.7478486864049475,-1.223521960580991,0.35140128915824353,0,1,0.6589657328779965
1.3609074457632804,F,Married,High,-0.9732387921652962,-1.1736535911000565,-1.223521960580991,-1.5078647910441039,0,0,0.3214105885140502
0.24503291829616178,M,Single,Low,-0.303818319653386,-0.02075222459705415,-1.223521960580991,0.35140128915824353,1,1,-0.5073358654907758
-1.4615987119476666,F,Widowed,Low,-0.1806979449991964,0.36354823090394667,0.0,0.35140128915824353,0,1,-0.7545383683929108
-1.002120965343559,M,Single,Medium,0.4072428208843775,-0.40505268009805495,1.223521960580991,0.35140128915824353,0,1,1.804052074607448
-0.34572418448054804,F,Widowed,Medium,0.9396852728766302,0.7478486864049475,-1.223521960580991,-1.5078647910441039,0,0,0.3945831008035542
1.098348733418076,F,Widowed,Low,1.1843682223076601,1.5164495974069492,1.223521960580991,0.35140128915824353,0,1,-0.13705732296853496
-1.5928780681202688,M,Married,Low,-0.01584207971792304,1.1321491419059484,1.223521960580991,0.35140128915824353,0,1,-1.1582056774330114
-0.34572418448054804,M,Widowed,Low,-0.3060398777393455,-0.02075222459705415,0.0,0.35140128915824353,1,1,-0.5114703330241015
-0.6082828968257524,F,Widowed,High,0.6618956895304454,1.1321491419059484,1.223521960580991,-1.5078647910441039,1,0,-0.36988372763360194
1.098348733418076,M,Widowed,Medium,2.0523472217951575,1.5164495974069492,-1.223521960580991,-1.5078647910441039,0,0,0.7603686311825324
1.6234661581084848,F,Divorced,Low,-1.1185747476790824,-1.1736535911000565,1.223521960580991,-1.5078647910441039,1,0,-0.35478913961177894
0.1793932402098607,F,Single,Medium,0.15455413469235899,-0.02075222459705415,1.223521960580991,0.35140128915824353,0,1,0.34572579544022686
0.048113884037258504,F,Married,High,-0.10555780656737836,0.36354823090394667,-1.223521960580991,-1.5078647910441039,0,0,-0.6380043673392556
-0.14880515022164478,F,Married,Low,1.5763242175347458,0.36354823090394667,1.223521960580991,-1.5078647910441039,0,0,1.9704076699460746
1.4921868019358826,F,Married,Medium,-0.37121009695612495,-0.40505268009805495,-1.223521960580991,-1.5078647910441039,0,0,-0.00688882278312992
-1.5272383900339677,M,Widowed,High,1.4126874999835723,1.5164495974069492,0.0,0.35140128915824353,0,1,0.09900788798745842
0.8357900210728716,M,Single,Low,-0.46714347722908917,-0.40505268009805495,-1.223521960580991,-1.5078647910441039,0,0,-0.2300618339951309
-1.06776064342986,M,Divorced,Medium,-0.42416174670012635,0.36354823090394667,1.223521960580991,-1.5078647910441039,0,0,-1.1321236579074825
-1.5272383900339677,F,Divorced,Low,-0.48081147789209694,-0.40505268009805495,-1.223521960580991,0.35140128915824353,1,1,-0.2618581582415175
1.2296280895906782,M,Married,Medium,-0.0731284769467239,-0.02075222459705415,1.223521960580991,0.35140128915824353,0,1,-0.07800670638991386
1.0327090553317748,M,Single,Medium,0.48077097509528544,0.7478486864049475,0.0,0.35140128915824353,0,1,-0.21546694751533713
-0.01752579404904259,M,Divorced,High,-1.0332750448297665,-1.1736535911000565,1.223521960580991,0.35140128915824353,0,1,0.04208192833568561
0.7045106649002695,F,Married,High,1.177581633276771,1.1321491419059484,-1.223521960580991,0.35140128915824353,0,1,0.22994494815217004
0.048113884037258504,M,Divorced,High,1.2888491827772133,0.7478486864049475,-1.223521960580991,-1.5078647910441039,0,0,0.8587383061128331
-1.3959590338613654,M,Divorced,High,-0.22548130495152865,0.36354823090394667,-1.223521960580991,-1.5078647910441039,0,0,-0.823992380919209
1.0327090553317748,M,Single,High,-1.145694011630858,-0.7893531355990558,-1.223521960580991,-1.5078647910441039,1,0,-1.3660530074175672
-1.002120965343559,F,Married,Medium,-0.06727656784224464,-0.40505268009805495,0.0,0.35140128915824353,1,1,0.7001618482933559
-0.8708416091709568,M,Divorced,High,0.667219301285215,0.36354823090394667,1.223521960580991,0.35140128915824353,0,1,0.5604870139675546
0.9670693772454738,F,Widowed,Medium,0.2916269778132466,1.5164495974069492,0.0,0.35140128915824353,0,1,-1.060085603172854
0.5075916306413661,F,Widowed,Medium,0.03116283832036901,-0.40505268009805495,-1.223521960580991,-1.5078647910441039,0,0,0.9291647108290252
0.7701503429865705,M,Divorced,Low,-0.5363775222128678,-1.1736535911000565,-1.223521960580991,-1.5078647910441039,0,0,2.3539803743336036
0.9014296991591727,F,Single,Medium,1.0501129650518921,0.7478486864049475,1.223521960580991,-1.5078647910441039,1,0,0.5413783069519573
0.4419519525550651,M,Single,Medium,1.2722687736478555,1.1321491419059484,0.0,0.35140128915824353,0,1,0.34008186910471805
0.5075916306413661,F,Divorced,High,0.5190793059921991,1.5164495974069492,1.223521960580991,-1.5078647910441039,0,0,-0.8249167537417008
0.048113884037258504,M,Single,Medium,-1.048053824535754,-1.1736535911000565,0.0,0.35140128915824353,0,1,-0.026678804573745017
0.6388709868139684,M,Single,High,0.0437471521121769,1.1321491419059484,0.0,0.35140128915824353,0,1,-1.0888934721010721
-0.01752579404904259,F,Widowed,Medium,-1.2586683679534394,-0.40505268009805495,0.0,0.35140128915824353,0,1,-2.071412496398358
1.6234661581084848,M,Married,Medium,0.03882992293410786,1.1321491419059484,-1.223521960580991,-1.5078647910441039,0,0,-1.0946130289402387
-0.08316547213534368,F,Married,High,-0.38174895177854323,-0.02075222459705415,-1.223521960580991,0.35140128915824353,0,1,-0.6523699613397047
-0.47700354065315026,M,Divorced,Low,-0.9490590288516502,-1.1736535911000565,0.0,0.35140128915824353,0,1,0.4339109627059233
-0.34572418448054804,F,Divorced,Medium,-1.303302720960982,-1.1736535911000565,-1.223521960580991,-1.5078647910441039,0,0,-1.2142667882698022
0.31067259638246286,F,Divorced,Medium,1.36566903585939,1.5164495974069492,1.223521960580991,2.210667369360591,0,1,0.05039428091369649
0.1793932402098607,F,Widowed,High,-0.834025667473789,-0.7893531355990558,-1.223521960580991,-1.5078647910441039,1,0,-0.39932710287728235
-1.1334003215161612,F,Widowed,High,-1.285611532788645,-1.5579540466010575,0.0,0.35140128915824353,0,1,0.8723157822457931
-0.47700354065315026,F,Single,Low,-0.24386334350425587,1.5164495974069492,0.0,0.35140128915824353,0,1,-1.6137429068988336
-0.01752579404904259,M,Widowed,Low,-0.2270661970006585,0.36354823090394667,-1.223521960580991,0.35140128915824353,1,1,-0.8264503722881074
-0.08316547213534368,M,Married,Low,1.4234972765237905,0.36354823090394667,0.0,0.35140128915824353,1,1,1.733390074869938
0.9014296991591727,F,Widowed,Medium,0.1280308985197431,-0.40505268009805495,-1.223521960580991,0.35140128915824353,0,1,1.1545120990212054
1.098348733418076,M,Divorced,Medium,-1.5208257681825665,-1.5579540466010575,0.0,0.35140128915824353,0,1,-1.31643099362836
0.1793932402098607,M,Married,High,-1.1799791550184424,-1.1736535911000565,0.0,0.35140128915824353,0,1,-0.6404833671813923
-0.08316547213534368,F,Single,High,0.20437663859577077,1.1321491419059484,-1.223521960580991,0.35140128915824353,1,1,-0.9020546153549613
-0.47700354065315026,F,Married,High,0.26624161285539044,-0.02075222459705415,0.0,0.35140128915824353,0,1,0.553583629661401
-1.4615987119476666,F,Widowed,Low,-0.3607118803913767,-0.02075222459705415,-1.223521960580991,0.35140128915824353,0,1,-0.6132185706125386
1.2296280895906782,F,Widowed,Low,0.3451340170787378,-0.02075222459705415,-1.223521960580991,0.35140128915824353,0,1,0.7004076474302456
-0.41136386256684915,M,Single,Low,-0.5985676025338476,-0.02075222459705415,-1.223521960580991,-1.5078647910441039,0,0,-1.055883908525165
1.2952677676769793,M,Divorced,Medium,-0.18508687682755537,0.36354823090394667,1.223521960580991,-1.5078647910441039,1,0,-0.7613451137221664
-1.6585177462065699,F,Single,Medium,0.45099667830907025,0.7478486864049475,0.0,0.35140128915824353,0,1,-0.2550469110965673
-1.002120965343559,M,Single,High,0.6269874261919215,1.5164495974069492,1.223521960580991,0.35140128915824353,0,1,-0.7133477551967325
-1.4615987119476666,M,Single,Low,-0.11443049282532715,-0.02075222459705415,0.0,0.35140128915824353,0,1,-0.1548725082747366
-1.2646796776887634,F,Single,Medium,-0.3647215218148161,-0.02075222459705415,-1.223521960580991,-1.5078647910441039,0,0,-0.6206807803068345
0.1137535621235596,M,Widowed,Low,0.7618116190550693,1.1321491419059484,-1.223521960580991,0.35140128915824353,1,1,-0.25366485367852387
0.6388709868139684,M,Divorced,Medium,2.0855757704833224,1.1321491419059484,-1.223521960580991,-1.5078647910441039,0,0,1.2860934190318962
-1.2646796776887634,F,Married,Low,-0.26759608598353196,-0.02075222459705415,-1.223521960580991,-1.5078647910441039,0,0,-0.4399238765632533
-0.41136386256684915,M,Divorced,Medium,0.32260687624367135,0.36354823090394667,0.0,0.35140128915824353,0,1,0.02603145478151354
0.5732313087276673,M,Divorced,Medium,1.3163883753915786,1.1321491419059484,0.0,0.35140128915824353,0,1,0.39140031710792983
1.6234661581084848,M,Single,Medium,0.5423921198088854,-0.02075222459705415,0.0,0.35140128915824353,0,1,1.0675181121881285
1.6234661581084848,F,Divorced,Medium,0.5497747366189338,0.36354823090394667,1.223521960580991,-1.5078647910441039,0,0,0.378343550990236
0.8357900210728716,F,Single,High,-0.7814939463923776,-1.1736535911000565,1.223521960580991,0.35140128915824353,1,1,1.2135354045846174
-0.34572418448054804,M,Married,Low,-0.5913339926685889,-0.02075222459705415,1.223521960580991,0.35140128915824353,0,1,-1.0424216788739697
1.163988411504377,F,Single,Medium,-1.664752930763793,-1.5579540466010575,0.0,0.35140128915824353,1,1,-2.6557211625792285
-1.6585177462065699,M,Married,Medium,-0.9304737990105733,-1.1736535911000565,-1.223521960580991,-1.5078647910441039,0,0,0.5203818385553624
0.7045106649002695,F,Divorced,Low,-0.9454422239190208,-0.40505268009805495,-1.223521960580991,0.35140128915824353,0,1,-1.3427441063595125
1.2952677676769793,M,Single,Medium,-0.11937481417517615,-0.7893531355990558,-1.223521960580991,0.35140128915824353,0,1,1.8173609424040031
1.0327090553317748,F,Widowed,Medium,-1.6515725891928252,-1.5579540466010575,1.223521960580991,0.35140128915824353,0,1,-2.5330736958131865
-1.5272383900339677,M,Married,Low,1.8816665395811856,1.1321491419059484,1.223521960580991,0.35140128915824353,0,1,1.0489130082881617
0.5075916306413661,M,Divorced,High,-1.0060880504485408,-0.7893531355990558,0.0,0.35140128915824353,0,1,-0.933026357026739
-0.8708416091709568,F,Married,High,-1.2029939549455486,-1.5579540466010575,-1.223521960580991,-1.5078647910441039,1,0,1.6410998519334494
-0.6739225749120535,M,Single,Medium,-1.4125112654061442,-1.1736535911000565,1.223521960580991,-1.5078647910441039,0,0,-1.7223777220148329
0.5075916306413661,M,Widowed,High,1.4275204640331203,1.5164495974069492,0.0,0.35140128915824353,0,1,0.11434407345152366
-0.14880515022164478,F,Married,High,-1.1605134295945154,-1.1736535911000565,1.223521960580991,0.35140128915824353,0,1,-0.5499158390504559
-0.8708416091709568,F,Married,Medium,-1.365831453429212,-1.1736535911000565,-1.223521960580991,-1.5078647910441039,0,0,-1.5051921256757883
-1.3303193557750645,M,Married,Medium,0.4254216681487546,0.36354823090394667,0.0,0.35140128915824353,0,1,0.18548576666131147
0.8357900210728716,M,Divorced,High,-0.3197349705741334,0.7478486864049475,1.223521960580991,0.35140128915824353,0,1,-1.279606141251829
-1.5928780681202688,M,Widowed,Medium,0.36584598240454436,0.7478486864049475,0.0,0.35140128915824353,0,1,-0.3682405649053088
-1.002120965343559,F,Widowed,Medium,1.9948169950203372,1.5164495974069492,-1.223521960580991,0.35140128915824353,0,1,0.7008866406200823
-1.2646796776887634,F,Widowed,High,-1.120240916243552,-1.1736535911000565,0.0,0.35140128915824353,0,1,-0.3625412662367649
-1.2646796776887634,M,Married,Low,-0.3818437743797731,0.36354823090394667,0.0,0.35140128915824353,0,1,-1.0664931875105799
0.8357900210728716,M,Married,High,0.800485694271013,0.36354823090394667,0.0,0.35140128915824353,0,1,0.7671683736873762
0.8357900210728716,M,Married,High,0.5973621363504962,0.7478486864049475,1.223521960580991,0.35140128915824353,1,1,-0.06047843680394035
-0.9364812872572579,M,Married,High,-1.230343502357454,-1.5579540466010575,-1.223521960580991,0.35140128915824353,0,1,1.3866032071229266
1.6234661581084848,F,Single,Medium,0.002377405804123729,-0.40505268009805495,1.223521960580991,0.35140128915824353,0,1,0.8622002023814818
-0.280084506394247,M,Single,High,1.954693488614164,1.1321491419059484,0.0,0.35140128915824353,0,1,1.1338555177095049
1.6234661581084848,M,Divorced,Medium,-0.5396150367405773,-0.7893531355990558,0.0,0.35140128915824353,0,1,0.5138692118514446
1.6234661581084848,F,Married,Low,-1.0550571509408828,-1.5579540466010575,1.223521960580991,-1.5078647910441039,0,0,3.017701069355796
1.689105836194786,F,Divorced,High,1.0831925067952666,1.1321491419059484,0.0,0.35140128915824353,0,1,0.12015466700805674
-1.5272383900339677,F,Widowed,Low,0.9123899098082845,1.1321491419059484,-1.223521960580991,-1.5078647910441039,0,0,-0.07851721228960819
-0.8708416091709568,F,Married,High,1.249592625867999,0.7478486864049475,0.0,0.35140128915824353,0,1,0.8065532585885344
0.24503291829616178,M,Single,Medium,1.238850579757231,1.1321491419059484,0.0,0.35140128915824353,0,1,0.3012109414952851
-1.06776064342986,M,Married,Low,-1.2719570782115273,-1.5579540466010575,-1.223521960580991,-1.5078647910441039,0,0,0.9993750283919083
1.689105836194786,F,Widowed,High,0.05981280997771444,0.7478486864049475,1.223521960580991,-1.5078647910441039,0,0,-0.7750606455364084
-1.1334003215161612,F,Divorced,Low,-1.4599902964505864,-1.5579540466010575,1.223521960580991,0.35140128915824353,0,1,-0.7503366737452213
-1.3303193557750645,M,Married,Medium,-0.7068550131384899,-0.7893531355990558,0.0,0.35140128915824353,0,1,-0.004872009352239243
1.163988411504377,M,Single,Medium,-0.6642525730144468,0.7478486864049475,1.223521960580991,2.210667369360591,0,1,-1.737584855429004
-1.5928780681202688,M,Widowed,High,1.0863351987217464,1.5164495974069492,-1.223521960580991,0.35140128915824353,0,1,-0.238416203519619
1.163988411504377,F,Widowed,High,1.5767035079396654,1.5164495974069492,1.223521960580991,0.35140128915824353,0,1,0.26858828396818624
-0.6739225749120535,F,Divorced,Low,1.2608087849849174,0.7478486864049475,-1.223521960580991,-1.5078647910441039,0,0,0.8214632721669056
-0.8708416091709568,F,Married,Medium,-0.6160691455037248,-0.40505268009805495,1.223521960580991,0.35140128915824353,0,1,-0.5765125661703274
1.4265471238495815,M,Single,Medium,-1.1245079332989014,-0.7893531355990558,-1.223521960580991,0.35140128915824353,0,1,-1.300338503127711
-0.8708416091709568,M,Married,High,-1.3006883263842126,-0.40505268009805495,0.0,0.35140128915824353,0,1,-2.1691649223768423
-0.280084506394247,M,Single,Medium,-1.2159033747987165,-1.1736535911000565,1.223521960580991,-1.5078647910441039,0,0,-0.8076267802664606
-0.47700354065315026,F,Divorced,Medium,0.4539226328613099,-0.02075222459705415,1.223521960580991,2.210667369360591,0,1,0.9028705057237879
-0.01752579404904259,F,Widowed,Medium,-1.468212770585815,-1.5579540466010575,-1.223521960580991,0.35140128915824353,0,1,-0.8268495332796378
-0.8052019310846557,M,Divorced,Low,2.383887673952853,1.5164495974069492,1.223521960580991,0.35140128915824353,0,1,1.1031568861898267
0.31067259638246286,M,Widowed,Low,-0.3844581689565428,-0.7893531355990558,1.223521960580991,0.35140128915824353,0,1,0.9951313167977426
0.1793932402098607,F,Married,Low,0.5174673217712896,0.7478486864049475,0.0,0.35140128915824353,0,1,-0.16668527265566743
1.2296280895906782,F,Widowed,Medium,0.18416587844789398,1.1321491419059484,-1.223521960580991,-1.5078647910441039,0,0,-0.9255630969087814
1.0327090553317748,F,Single,High,1.1625319318529839,1.1321491419059484,1.223521960580991,2.210667369360591,0,1,0.21243963782623626
-0.280084506394247,M,Divorced,High,2.068385787488915,1.5164495974069492,-1.223521960580991,0.35140128915824353,0,1,0.7769513193920787
-1.2646796776887634,M,Widowed,High,-1.663858889095053,-1.5579540466010575,-1.223521960580991,0.35140128915824353,1,1,-2.6474018071768044
0.7045106649002695,F,Widowed,Low,-1.237482289621483,-0.7893531355990558,-1.223521960580991,-1.5078647910441039,0,0,-1.6507598367449738
1.4921868019358826,M,Married,Medium,-1.0147846375899194,-1.1736535911000565,0.0,0.35140128915824353,0,1,0.12811162624711808
0.9670693772454738,F,Married,Low,-0.30732675589889535,0.7478486864049475,1.223521960580991,0.35140128915824353,0,1,-1.2631114885491868
0.048113884037258504,M,Married,Low,-0.6831222706592138,-0.40505268009805495,-1.223521960580991,-1.5078647910441039,1,0,-0.7325004799657816
0.31067259638246286,M,Single,High,0.5652985510488717,0.7478486864049475,-1.223521960580991,-1.5078647910441039,0,0,-0.10310162779428243
-1.3303193557750645,M,Married,High,-0.06031387969478596,1.1321491419059484,-1.223521960580991,0.35140128915824353,0,1,-1.2099337906643728
-0.6739225749120535,F,Widowed,Medium,-0.0423653158905389,-0.02075222459705415,0.0,0.35140128915824353,1,1,-0.020754415120503543
0.7701503429865705,M,Single,Low,-1.6421309673274966,-1.5579540466010575,0.0,0.35140128915824353,0,1,-2.44521626073001
0.7701503429865705,F,Married,Medium,0.8100763230811313,1.5164495974069492,1.223521960580991,0.35140128915824353,0,1,-0.5240474056695175
1.5578264800221837,M,Widowed,Low,-0.7434565372132639,-0.7893531355990558,0.0,0.35140128915824353,0,1,-0.11840179873279591
0.376312274468764,F,Single,Medium,-0.6365779195411815,-0.40505268009805495,0.0,0.35140128915824353,0,1,-0.6242228088948361
0.4419519525550651,F,Widowed,Low,-0.28199557528459945,-0.7893531355990558,0.0,0.35140128915824353,0,1,1.312947499948939
1.4921868019358826,F,Married,Medium,0.8776983838440003,1.5164495974069492,-1.223521960580991,0.35140128915824353,0,1,-0.4541312067319723
-0.6082828968257524,F,Married,Low,-1.3541140891343637,-1.5579540466010575,1.223521960580991,-1.5078647910441039,0,0,0.23487668724489516
0.4419519525550651,F,Single,Low,0.6173290669523529,0.7478486864049475,1.223521960580991,0.35140128915824353,0,1,-0.033935731472396605
-1.002120965343559,M,Divorced,High,0.7037530949305387,0.7478486864049475,0.0,0.35140128915824353,0,1,0.08095060503727135
-0.8708416091709568,M,Widowed,Low,-0.12220594612618588,0.36354823090394667,0.0,0.35140128915824353,0,1,-0.6638237809493049
0.24503291829616178,F,Widowed,High,0.7210379005261762,1.1321491419059484,-1.223521960580991,-1.5078647910441039,0,0,-0.3010914820143133
-1.6585177462065699,F,Divorced,Medium,-0.17102603967373753,-0.40505268009805495,0.0,0.35140128915824353,1,1,0.4588060034934809
0.24503291829616178,F,Divorced,High,0.37982554304302196,0.7478486864049475,0.0,0.35140128915824353,1,1,-0.3496570697206729
0.048113884037258504,M,Widowed,Low,1.0727755667458583,1.5164495974069492,-1.223521960580991,0.35140128915824353,0,1,-0.25243585799407486
0.9014296991591727,F,Single,High,0.6923743827829407,0.36354823090394667,-1.223521960580991,0.35140128915824353,0,1,0.5994997487713466
-0.21444482830794587,M,Divorced,High,-0.17890986166171646,-0.7893531355990558,-1.223521960580991,0.35140128915824353,0,1,1.632696462638071
-0.41136386256684915,F,Married,Medium,1.6198071532416385,1.5164495974069492,1.223521960580991,2.210667369360591,0,1,0.31315425853134093
-1.3303193557750645,M,Single,High,-0.6867119834200632,-1.1736535911000565,-1.223521960580991,0.35140128915824353,1,1,1.6545242663328157
0.7045106649002695,F,Divorced,Medium,0.8985593561145967,-0.02075222459705415,0.0,0.35140128915824353,1,1,1.7303690564182497
-0.41136386256684915,M,Married,Medium,-1.5028772043783196,-1.5579540466010575,0.0,0.35140128915824353,1,1,-1.1494136313827223
0.7045106649002695,M,Married,High,0.26450771386147076,-0.02075222459705415,0.0,0.35140128915824353,1,1,0.5503567281719755
-1.3303193557750645,F,Widowed,Low,1.7848120254677013,1.1321491419059484,1.223521960580991,0.35140128915824353,0,1,0.9362550705470003
0.1793932402098607,F,Single,Medium,-1.2310749909955139,-1.5579540466010575,0.0,0.35140128915824353,0,1,1.3797964617936702
-0.8708416091709568,F,Divorced,High,-0.6196859504363542,-1.1736535911000565,0.0,0.35140128915824353,0,1,1.9663740430842933
0.048113884037258504,F,Married,Medium,0.9728867293930147,-0.02075222459705415,-1.223521960580991,0.35140128915824353,0,1,1.8686972476094668
1.5578264800221837,M,Widowed,High,-1.241654484075602,-1.5579540466010575,-1.223521960580991,-1.5078647910441039,0,0,1.281350756198317
-0.41136386256684915,M,Divorced,High,-1.6160682980751409,-1.5579540466010575,1.223521960580991,0.35140128915824353,0,1,-2.2026944456654007
-0.8708416091709568,M,Married,Low,-1.333998151587717,-1.5579540466010575,-1.223521960580991,-1.5078647910441039,0,0,0.4220621837994403
0.8357900210728716,M,Widowed,High,-0.44388484775596304,-0.40505268009805495,1.223521960580991,-1.5078647910441039,1,0,-0.17595451116951594
-1.1990399996024623,M,Married,Medium,1.7941723708176902,1.5164495974069492,0.0,0.35140128915824353,0,1,0.4934349702148509
-0.6082828968257524,M,Widowed,Medium,0.7796924524298662,0.7478486864049475,1.223521960580991,0.35140128915824353,1,1,0.18189932015846183
0.24503291829616178,F,Widowed,Low,-0.7736778548338489,-0.7893531355990558,-1.223521960580991,0.35140128915824353,0,1,-0.21214160632273713
-1.6585177462065699,M,Single,Medium,-1.1820246139878319,-1.5579540466010575,0.0,0.35140128915824353,0,1,1.8362265513721268
-0.14880515022164478,M,Divorced,Low,0.3648706642204645,0.7478486864049475,1.223521960580991,0.35140128915824353,0,1,-0.3695370878251672
-0.6739225749120535,M,Widowed,High,0.23537008311208554,0.36354823090394667,0.0,0.35140128915824353,0,1,-0.10926311287407242
-1.002120965343559,F,Married,High,0.3689209439015738,0.7478486864049475,0.0,0.35140128915824353,0,1,-0.3641529162552
-1.4615987119476666,M,Divorced,High,-1.1760101518526729,-1.1736535911000565,-1.223521960580991,-1.5078647910441039,0,0,-0.6220169192047992
-1.4615987119476666,F,Divorced,Low,0.017643844602151508,-0.02075222459705415,1.223521960580991,0.35140128915824353,0,1,0.09092662861507057
-0.6082828968257524,M,Divorced,Medium,-0.9832764418097847,-0.02075222459705415,0.0,0.35140128915824353,0,1,-1.771852676491371
1.4921868019358826,M,Single,Medium,-1.104351357494585,-0.7893531355990558,0.0,0.35140128915824353,0,1,-1.2378172867700992
-1.06776064342986,F,Widowed,High,-0.9184448747402553,-0.7893531355990558,-1.223521960580991,0.35140128915824353,1,1,-0.6611767133212608
-0.34572418448054804,M,Widowed,Medium,0.20189770487790096,-0.02075222459705415,0.0,0.35140128915824353,1,1,0.43383533220226456
0.7701503429865705,M,Widowed,Low,-0.42097841651597684,-0.40505268009805495,0.0,0.35140128915824353,0,1,-0.12266651880020031
1.4921868019358826,F,Widowed,Low,-0.24641000765157528,-0.40505268009805495,0.0,0.35140128915824353,0,1,0.283437773135561
-0.5426432187394513,F,Married,Low,0.30864086169108373,0.7478486864049475,1.223521960580991,0.35140128915824353,0,1,-0.44428523560755456
-1.06776064342986,M,Widowed,Low,-1.2499582347261708,-1.5579540466010575,-1.223521960580991,0.35140128915824353,0,1,1.2040815916273164
1.2296280895906782,M,Divorced,Medium,1.7792852224245823,1.5164495974069492,1.223521960580991,0.35140128915824353,0,1,0.4780427621554829
-0.6739225749120535,F,Widowed,Low,1.0054515198725695,0.36354823090394667,0.0,0.35140128915824353,0,1,1.085047582258288
0.8357900210728716,F,Widowed,Medium,0.2528580799960728,0.36354823090394667,1.223521960580991,0.35140128915824353,0,1,-0.08214117392323987
-0.7395622529983547,F,Widowed,High,-0.554082256471095,-0.7893531355990558,0.0,0.35140128915824353,0,1,0.46899511301412605
0.5075916306413661,F,Widowed,Medium,-1.6719594484572717,-1.5579540466010575,0.0,0.35140128915824353,0,1,-2.7227802091563453
-1.3959590338613654,M,Single,Low,-0.3986273747974805,-0.02075222459705415,-1.223521960580991,0.35140128915824353,0,1,-0.6837818305258275
-0.6082828968257524,M,Divorced,Medium,-1.3298530493053777,-1.5579540466010575,0.0,0.35140128915824353,0,1,0.4606337406652254
0.7045106649002695,F,Single,High,0.38802092500647056,0.36354823090394667,1.223521960580991,2.210667369360591,0,1,0.12748137204996457
-1.1990399996024623,M,Divorced,High,-0.4101009095463086,-0.7893531355990558,1.223521960580991,0.35140128915824353,0,1,0.9155932371169898
-0.14880515022164478,F,Widowed,High,-0.3332268721205711,-0.40505268009805495,1.223521960580991,2.210667369360591,1,1,0.08147281565776997
0.1137535621235596,F,Widowed,Medium,-0.8219019206022411,-0.7893531355990558,1.223521960580991,-1.5078647910441039,0,0,-0.36172193578046596
1.3609074457632804,M,Divorced,Low,1.4653411358379942,1.5164495974069492,1.223521960580991,0.35140128915824353,0,1,0.15344784497268263
-1.1990399996024623,F,Divorced,Low,-1.426531464302292,-1.5579540466010575,-1.223521960580991,0.35140128915824353,1,1,-0.4389911003514666
-0.21444482830794587,F,Single,Medium,1.1252395573978198,0.7478486864049475,0.0,0.35140128915824353,1,1,0.6412465863065996
0.5732313087276673,M,Single,Low,-1.4038688626083256,-1.5579540466010575,0.0,0.35140128915824353,0,1,-0.2281080459839555
0.31067259638246286,M,Married,Low,-1.2502427025298608,-1.1736535911000565,-1.223521960580991,-1.5078647910441039,0,0,-0.9673962192448349
-0.6082828968257524,F,Married,Medium,0.04048254541268763,-0.40505268009805495,-1.223521960580991,0.35140128915824353,0,1,0.9508454552111008
0.1137535621235596,M,Single,High,-0.7022222517641106,0.36354823090394667,1.223521960580991,2.210667369360591,1,1,-1.5633645880730425
1.4265471238495815,M,Married,Low,-1.3317495013299774,-1.1736535911000565,0.0,0.35140128915824353,1,1,-1.3466201696720057
1.4265471238495815,M,Single,High,-0.2189520915525498,-0.7893531355990558,0.0,0.35140128915824353,0,1,1.5084943688523849
1.6234661581084848,M,Single,Low,-1.6398145866403069,-1.5579540466010575,0.0,0.35140128915824353,0,1,-2.423661567187365
-0.9364812872572579,M,Single,High,0.7081013885012281,0.36354823090394667,0.0,0.35140128915824353,0,1,0.6238905862011813
-0.14880515022164478,M,Married,High,0.8467726697571352,0.7478486864049475,0.0,0.35140128915824353,1,1,0.27107128542427317
-0.7395622529983547,F,Divorced,Low,-0.9610337687784082,-1.1736535911000565,0.0,0.35140128915824353,0,1,0.37819649167756697
0.9014296991591727,M,Widowed,Low,-0.670172212548376,-0.7893531355990558,1.223521960580991,-1.5078647910441039,0,0,0.1089098817071789
0.31067259638246286,F,Married,Medium,0.26878827700271013,0.7478486864049475,-1.223521960580991,0.35140128915824353,0,1,-0.49726260269398753
0.048113884037258504,F,Widowed,Low,0.6017239760070755,0.7478486864049475,-1.223521960580991,-1.5078647910441039,1,0,-0.05468009819012943
0.5732313087276673,F,Widowed,Low,1.1005179506485738,1.1321491419059484,-1.223521960580991,0.35140128915824353,0,1,0.14030704496203505
-0.5426432187394513,M,Divorced,Medium,-1.3297446806182578,-1.5579540466010575,0.0,0.35140128915824353,0,1,0.46164214738067055
0.6388709868139684,M,Married,High,-0.47934850061597717,0.36354823090394667,-1.223521960580991,-1.5078647910441039,1,0,-1.2177121778809068
-1.1990399996024623,F,Widowed,Medium,0.173694754054926,-0.02075222459705415,1.223521960580991,0.35140128915824353,0,1,0.3813477626633344
1.2952677676769793,F,Divorced,High,-0.18969254603015473,1.1321491419059484,-1.223521960580991,-1.5078647910441039,0,0,-1.360422736589664
1.4921868019358826,F,Divorced,Medium,0.6576693107327662,-0.02075222459705415,1.223521960580991,0.35140128915824353,0,1,1.2820566408991285
0.7701503429865705,F,Single,Low,0.1700508569505162,0.7478486864049475,1.223521960580991,-1.5078647910441039,0,0,-0.6285175410668666
-1.3959590338613654,M,Married,Low,0.5642961406930118,0.7478486864049475,0.0,0.35140128915824353,1,1,-0.10443416523969254
-0.8052019310846557,F,Widowed,High,1.7285415846806507,1.5164495974069492,1.223521960580991,2.210667369360591,0,1,0.4255776016546729
0.7701503429865705,M,Divorced,Low,0.3567294666005758,0.7478486864049475,1.223521960580991,2.210667369360591,1,1,-0.3803594527534289
-0.41136386256684915,F,Widowed,High,-1.0614373573950717,-1.5579540466010575,1.223521960580991,0.35140128915824353,1,1,2.9583311239839505
1.163988411504377,M,Married,Medium,-0.6308614712956023,-0.7893531355990558,0.0,0.35140128915824353,0,1,0.2308430603831138
-1.1334003215161612,M,Single,Low,-1.2942674816723536,-1.5579540466010575,-1.223521960580991,0.35140128915824353,0,1,0.7917692958495952
0.4419519525550651,F,Widowed,High,-1.6058003649705224,-1.5579540466010575,0.0,0.35140128915824353,0,1,-2.1071479093769527
-0.5426432187394513,F,Single,Medium,0.7237200255323955,1.5164495974069492,1.223521960580991,2.210667369360591,0,1,-0.6133334169329088
-1.3303193557750645,F,Divorced,Low,-0.3346898493966909,-0.02075222459705415,-1.223521960580991,-1.5078647910441039,1,0,-0.5647898381032751
0.7045106649002695,F,Single,Low,-1.4085558083262648,-1.5579540466010575,0.0,0.35140128915824353,0,1,-0.2717216364269674
-1.5928780681202688,M,Widowed,High,-1.1476988323425776,-1.1736535911000565,0.0,0.35140128915824353,0,1,-0.49029379199974915
0.24503291829616178,M,Married,Low,-1.3748260544601705,-1.5579540466010575,0.0,0.35140128915824353,0,1,0.04214495375540089
-1.3303193557750645,M,Widowed,High,1.5255399415331439,1.5164495974069492,0.0,0.35140128915824353,0,1,0.21568894835378186
-0.6082828968257524,M,Widowed,Low,0.5468758742384745,0.36354823090394667,0.0,0.35140128915824353,0,1,0.37384773771720853
